vervar_label,var_label,turvar_label,tahun,periode,nilai,satuan,key
ACEH,Rata-Rata Upah/Gaji Bersih Sebulan Buruh/Karyawan/Pegawai menurut Provinsi dan Lapangan Usaha di 17 Sektor,"A Pertanian, Kehutanan dan Perikanan",2025,Februari,2228373,Rupiah,110024752068125189
ACEH,Rata-Rata Upah/Gaji Bersih Sebulan Buruh/Karyawan/Pegawai menurut Provinsi dan Lapangan Usaha di 17 Sektor,"A Pertanian, Kehutanan dan Perikanan",2025,Agustus,2485852,Rupiah,110024752068125190
ACEH,Rata-Rata Upah/Gaji Bersih Sebulan Buruh/Karyawan/Pegawai menurut Provinsi dan Lapangan Usaha di 17 Sektor,B Pertambangan dan Penggalian,2025,Februari,4305238,Rupiah,110024752069125189
ACEH,Rata-Rata Upah/Gaji Bersih Sebulan Buruh/Karyawan/Pegawai menurut Provinsi dan Lapangan Usaha di 17 Sektor,B Pertambangan dan Penggalian,2025,Agustus,4283385,Rupiah,110024752069125190
ACEH,Rata-Rata Upah/Gaji Bersih Sebulan Buruh/Karyawan/Pegawai menurut Provinsi dan Lapangan Usaha di 17 Sektor,C Industri Pengolahan,2025,Februari,2557211,Rupiah,110024752070125189
ACEH,Rata-Rata Upah/Gaji Bersih Sebulan Buruh/Karyawan/Pegawai menurut Provinsi dan Lapangan Usaha di 17 Sektor,C Industri Pengolahan,2025,Agustus,2081748,Rupiah,110024752070125190
ACEH,Rata-Rata Upah/Gaji Bersih Sebulan Buruh/Karyawan/Pegawai menurut Provinsi dan Lapangan Usaha di 17 Sektor,D Pengadaan Listrik dan Gas,2025,Februari,5421924,Rupiah,110024752071125189
ACEH,Rata-Rata Upah/Gaji Bersih Sebulan Buruh/Karyawan/Pegawai menurut Provinsi dan Lapangan Usaha di 17 Sektor,D Pengadaan Listrik dan Gas,2025,Agustus,4339764,Rupiah,110024752071125190
ACEH,Rata-Rata Upah/Gaji Bersih Sebulan Buruh/Karyawan/Pegawai menurut Provinsi dan Lapangan Usaha di 17 Sektor,"E Pengadaan Air, Pengelolaan Sampah, Limbah dan Daur Ulang",2025,Februari,2581805,Rupiah,110024752072125189
ACEH,Rata-Rata Upah/Gaji Bersih Sebulan Buruh/Karyawan/Pegawai menurut Provinsi dan Lapangan Usaha di 17 Sektor,"E Pengadaan Air, Pengelolaan Sampah, Limbah dan Daur Ulang",2025,Agustus,2950814,Rupiah,110024752072125190
ACEH,Rata-Rata Upah/Gaji Bersih Sebulan Buruh/Karyawan/Pegawai menurut Provinsi dan Lapangan Usaha di 17 Sektor,F Konstruksi,2025,Februari,3014043,Rupiah,110024752073125189
ACEH,Rata-Rata Upah/Gaji Bersih Sebulan Buruh/Karyawan/Pegawai menurut Provinsi dan Lapangan Usaha di 17 Sektor,F Konstruksi,2025,Agustus,2819702,Rupiah,110024752073125190
ACEH,Rata-Rata Upah/Gaji Bersih Sebulan Buruh/Karyawan/Pegawai menurut Provinsi dan Lapangan Usaha di 17 Sektor,"G Perdagangan Besar dan Eceran, Reparasi Mobil dan Sepeda Motor",2025,Februari,3332335,Rupiah,110024752074125189
ACEH,Rata-Rata Upah/Gaji Bersih Sebulan Buruh/Karyawan/Pegawai menurut Provinsi dan Lapangan Usaha di 17 Sektor,"G Perdagangan Besar dan Eceran, Reparasi Mobil dan Sepeda Motor",2025,Agustus,2082730,Rupiah,110024752074125190
ACEH,Rata-Rata Upah/Gaji Bersih Sebulan Buruh/Karyawan/Pegawai menurut Provinsi dan Lapangan Usaha di 17 Sektor,H Transportasi dan Pergudangan,2025,Februari,3893380,Rupiah,110024752075125189
ACEH,Rata-Rata Upah/Gaji Bersih Sebulan Buruh/Karyawan/Pegawai menurut Provinsi dan Lapangan Usaha di 17 Sektor,H Transportasi dan Pergudangan,2025,Agustus,2552742,Rupiah,110024752075125190
ACEH,Rata-Rata Upah/Gaji Bersih Sebulan Buruh/Karyawan/Pegawai menurut Provinsi dan Lapangan Usaha di 17 Sektor,I Penyediaan Akomodasi dan Makan Minum,2025,Februari,1899211,Rupiah,110024752076125189
ACEH,Rata-Rata Upah/Gaji Bersih Sebulan Buruh/Karyawan/Pegawai menurut Provinsi dan Lapangan Usaha di 17 Sektor,I Penyediaan Akomodasi dan Makan Minum,2025,Agustus,1712823,Rupiah,110024752076125190
ACEH,Rata-Rata Upah/Gaji Bersih Sebulan Buruh/Karyawan/Pegawai menurut Provinsi dan Lapangan Usaha di 17 Sektor,J Informasi dan Komunikasi,2025,Februari,3174059,Rupiah,110024752077125189
ACEH,Rata-Rata Upah/Gaji Bersih Sebulan Buruh/Karyawan/Pegawai menurut Provinsi dan Lapangan Usaha di 17 Sektor,J Informasi dan Komunikasi,2025,Agustus,2482265,Rupiah,110024752077125190
ACEH,Rata-Rata Upah/Gaji Bersih Sebulan Buruh/Karyawan/Pegawai menurut Provinsi dan Lapangan Usaha di 17 Sektor,K Jasa Keuangan dan Asuransi,2025,Februari,3806961,Rupiah,110024752078125189
ACEH,Rata-Rata Upah/Gaji Bersih Sebulan Buruh/Karyawan/Pegawai menurut Provinsi dan Lapangan Usaha di 17 Sektor,K Jasa Keuangan dan Asuransi,2025,Agustus,4202790,Rupiah,110024752078125190
ACEH,Rata-Rata Upah/Gaji Bersih Sebulan Buruh/Karyawan/Pegawai menurut Provinsi dan Lapangan Usaha di 17 Sektor,"M,N Jasa Perusahaan",2025,Februari,3164315,Rupiah,110024752080125189
ACEH,Rata-Rata Upah/Gaji Bersih Sebulan Buruh/Karyawan/Pegawai menurut Provinsi dan Lapangan Usaha di 17 Sektor,"M,N Jasa Perusahaan",2025,Agustus,3110531,Rupiah,110024752080125190
ACEH,Rata-Rata Upah/Gaji Bersih Sebulan Buruh/Karyawan/Pegawai menurut Provinsi dan Lapangan Usaha di 17 Sektor,"O Administrasi Pemerintahan, Pertahanan dan Jaminan Sosial Wajib",2025,Februari,3685541,Rupiah,110024752081125189
ACEH,Rata-Rata Upah/Gaji Bersih Sebulan Buruh/Karyawan/Pegawai menurut Provinsi dan Lapangan Usaha di 17 Sektor,"O Administrasi Pemerintahan, Pertahanan dan Jaminan Sosial Wajib",2025,Agustus,3844157,Rupiah,110024752081125190
ACEH,Rata-Rata Upah/Gaji Bersih Sebulan Buruh/Karyawan/Pegawai menurut Provinsi dan Lapangan Usaha di 17 Sektor,P Jasa Pendidikan,2025,Februari,2601502,Rupiah,110024752082125189
ACEH,Rata-Rata Upah/Gaji Bersih Sebulan Buruh/Karyawan/Pegawai menurut Provinsi dan Lapangan Usaha di 17 Sektor,P Jasa Pendidikan,2025,Agustus,2908891,Rupiah,110024752082125190
ACEH,Rata-Rata Upah/Gaji Bersih Sebulan Buruh/Karyawan/Pegawai menurut Provinsi dan Lapangan Usaha di 17 Sektor,Q Jasa Kesehatan dan Kegiatan Sosial,2025,Februari,2208454,Rupiah,110024752083125189
ACEH,Rata-Rata Upah/Gaji Bersih Sebulan Buruh/Karyawan/Pegawai menurut Provinsi dan Lapangan Usaha di 17 Sektor,Q Jasa Kesehatan dan Kegiatan Sosial,2025,Agustus,2606276,Rupiah,110024752083125190
ACEH,Rata-Rata Upah/Gaji Bersih Sebulan Buruh/Karyawan/Pegawai menurut Provinsi dan Lapangan Usaha di 17 Sektor,"R,S,T,U Jasa Lainnya",2025,Februari,1507035,Rupiah,110024752084125189
ACEH,Rata-Rata Upah/Gaji Bersih Sebulan Buruh/Karyawan/Pegawai menurut Provinsi dan Lapangan Usaha di 17 Sektor,"R,S,T,U Jasa Lainnya",2025,Agustus,1515839,Rupiah,110024752084125190
ACEH,Rata-Rata Upah/Gaji Bersih Sebulan Buruh/Karyawan/Pegawai menurut Provinsi dan Lapangan Usaha di 17 Sektor,Total,2025,Februari,2884151,Rupiah,110024752085125189
ACEH,Rata-Rata Upah/Gaji Bersih Sebulan Buruh/Karyawan/Pegawai menurut Provinsi dan Lapangan Usaha di 17 Sektor,Total,2025,Agustus,2837520,Rupiah,110024752085125190
SUMATERA UTARA,Rata-Rata Upah/Gaji Bersih Sebulan Buruh/Karyawan/Pegawai menurut Provinsi dan Lapangan Usaha di 17 Sektor,"A Pertanian, Kehutanan dan Perikanan",2025,Februari,1950963,Rupiah,120024752068125189
SUMATERA UTARA,Rata-Rata Upah/Gaji Bersih Sebulan Buruh/Karyawan/Pegawai menurut Provinsi dan Lapangan Usaha di 17 Sektor,"A Pertanian, Kehutanan dan Perikanan",2025,Agustus,2461841,Rupiah,120024752068125190
SUMATERA UTARA,Rata-Rata Upah/Gaji Bersih Sebulan Buruh/Karyawan/Pegawai menurut Provinsi dan Lapangan Usaha di 17 Sektor,B Pertambangan dan Penggalian,2025,Februari,2667616,Rupiah,120024752069125189
SUMATERA UTARA,Rata-Rata Upah/Gaji Bersih Sebulan Buruh/Karyawan/Pegawai menurut Provinsi dan Lapangan Usaha di 17 Sektor,B Pertambangan dan Penggalian,2025,Agustus,3049467,Rupiah,120024752069125190
SUMATERA UTARA,Rata-Rata Upah/Gaji Bersih Sebulan Buruh/Karyawan/Pegawai menurut Provinsi dan Lapangan Usaha di 17 Sektor,C Industri Pengolahan,2025,Februari,2695144,Rupiah,120024752070125189
SUMATERA UTARA,Rata-Rata Upah/Gaji Bersih Sebulan Buruh/Karyawan/Pegawai menurut Provinsi dan Lapangan Usaha di 17 Sektor,C Industri Pengolahan,2025,Agustus,2950580,Rupiah,120024752070125190
SUMATERA UTARA,Rata-Rata Upah/Gaji Bersih Sebulan Buruh/Karyawan/Pegawai menurut Provinsi dan Lapangan Usaha di 17 Sektor,D Pengadaan Listrik dan Gas,2025,Februari,3387534,Rupiah,120024752071125189
SUMATERA UTARA,Rata-Rata Upah/Gaji Bersih Sebulan Buruh/Karyawan/Pegawai menurut Provinsi dan Lapangan Usaha di 17 Sektor,D Pengadaan Listrik dan Gas,2025,Agustus,6388320,Rupiah,120024752071125190
SUMATERA UTARA,Rata-Rata Upah/Gaji Bersih Sebulan Buruh/Karyawan/Pegawai menurut Provinsi dan Lapangan Usaha di 17 Sektor,"E Pengadaan Air, Pengelolaan Sampah, Limbah dan Daur Ulang",2025,Februari,2172569,Rupiah,120024752072125189
SUMATERA UTARA,Rata-Rata Upah/Gaji Bersih Sebulan Buruh/Karyawan/Pegawai menurut Provinsi dan Lapangan Usaha di 17 Sektor,"E Pengadaan Air, Pengelolaan Sampah, Limbah dan Daur Ulang",2025,Agustus,2314525,Rupiah,120024752072125190
SUMATERA UTARA,Rata-Rata Upah/Gaji Bersih Sebulan Buruh/Karyawan/Pegawai menurut Provinsi dan Lapangan Usaha di 17 Sektor,F Konstruksi,2025,Februari,2631735,Rupiah,120024752073125189
SUMATERA UTARA,Rata-Rata Upah/Gaji Bersih Sebulan Buruh/Karyawan/Pegawai menurut Provinsi dan Lapangan Usaha di 17 Sektor,F Konstruksi,2025,Agustus,3108661,Rupiah,120024752073125190
SUMATERA UTARA,Rata-Rata Upah/Gaji Bersih Sebulan Buruh/Karyawan/Pegawai menurut Provinsi dan Lapangan Usaha di 17 Sektor,"G Perdagangan Besar dan Eceran, Reparasi Mobil dan Sepeda Motor",2025,Februari,2501416,Rupiah,120024752074125189
SUMATERA UTARA,Rata-Rata Upah/Gaji Bersih Sebulan Buruh/Karyawan/Pegawai menurut Provinsi dan Lapangan Usaha di 17 Sektor,"G Perdagangan Besar dan Eceran, Reparasi Mobil dan Sepeda Motor",2025,Agustus,2487167,Rupiah,120024752074125190
SUMATERA UTARA,Rata-Rata Upah/Gaji Bersih Sebulan Buruh/Karyawan/Pegawai menurut Provinsi dan Lapangan Usaha di 17 Sektor,H Transportasi dan Pergudangan,2025,Februari,3266215,Rupiah,120024752075125189
SUMATERA UTARA,Rata-Rata Upah/Gaji Bersih Sebulan Buruh/Karyawan/Pegawai menurut Provinsi dan Lapangan Usaha di 17 Sektor,H Transportasi dan Pergudangan,2025,Agustus,3550371,Rupiah,120024752075125190
SUMATERA UTARA,Rata-Rata Upah/Gaji Bersih Sebulan Buruh/Karyawan/Pegawai menurut Provinsi dan Lapangan Usaha di 17 Sektor,I Penyediaan Akomodasi dan Makan Minum,2025,Februari,1849739,Rupiah,120024752076125189
SUMATERA UTARA,Rata-Rata Upah/Gaji Bersih Sebulan Buruh/Karyawan/Pegawai menurut Provinsi dan Lapangan Usaha di 17 Sektor,I Penyediaan Akomodasi dan Makan Minum,2025,Agustus,2044775,Rupiah,120024752076125190
SUMATERA UTARA,Rata-Rata Upah/Gaji Bersih Sebulan Buruh/Karyawan/Pegawai menurut Provinsi dan Lapangan Usaha di 17 Sektor,J Informasi dan Komunikasi,2025,Februari,3638576,Rupiah,120024752077125189
SUMATERA UTARA,Rata-Rata Upah/Gaji Bersih Sebulan Buruh/Karyawan/Pegawai menurut Provinsi dan Lapangan Usaha di 17 Sektor,J Informasi dan Komunikasi,2025,Agustus,2921266,Rupiah,120024752077125190
SUMATERA UTARA,Rata-Rata Upah/Gaji Bersih Sebulan Buruh/Karyawan/Pegawai menurut Provinsi dan Lapangan Usaha di 17 Sektor,K Jasa Keuangan dan Asuransi,2025,Februari,4639905,Rupiah,120024752078125189
SUMATERA UTARA,Rata-Rata Upah/Gaji Bersih Sebulan Buruh/Karyawan/Pegawai menurut Provinsi dan Lapangan Usaha di 17 Sektor,K Jasa Keuangan dan Asuransi,2025,Agustus,3401220,Rupiah,120024752078125190
SUMATERA UTARA,Rata-Rata Upah/Gaji Bersih Sebulan Buruh/Karyawan/Pegawai menurut Provinsi dan Lapangan Usaha di 17 Sektor,L Real Estate,2025,Februari,3306366,Rupiah,120024752079125189
SUMATERA UTARA,Rata-Rata Upah/Gaji Bersih Sebulan Buruh/Karyawan/Pegawai menurut Provinsi dan Lapangan Usaha di 17 Sektor,L Real Estate,2025,Agustus,3034030,Rupiah,120024752079125190
SUMATERA UTARA,Rata-Rata Upah/Gaji Bersih Sebulan Buruh/Karyawan/Pegawai menurut Provinsi dan Lapangan Usaha di 17 Sektor,"M,N Jasa Perusahaan",2025,Februari,2287452,Rupiah,120024752080125189
SUMATERA UTARA,Rata-Rata Upah/Gaji Bersih Sebulan Buruh/Karyawan/Pegawai menurut Provinsi dan Lapangan Usaha di 17 Sektor,"M,N Jasa Perusahaan",2025,Agustus,3224561,Rupiah,120024752080125190
SUMATERA UTARA,Rata-Rata Upah/Gaji Bersih Sebulan Buruh/Karyawan/Pegawai menurut Provinsi dan Lapangan Usaha di 17 Sektor,"O Administrasi Pemerintahan, Pertahanan dan Jaminan Sosial Wajib",2025,Februari,3129006,Rupiah,120024752081125189
SUMATERA UTARA,Rata-Rata Upah/Gaji Bersih Sebulan Buruh/Karyawan/Pegawai menurut Provinsi dan Lapangan Usaha di 17 Sektor,"O Administrasi Pemerintahan, Pertahanan dan Jaminan Sosial Wajib",2025,Agustus,3574122,Rupiah,120024752081125190
SUMATERA UTARA,Rata-Rata Upah/Gaji Bersih Sebulan Buruh/Karyawan/Pegawai menurut Provinsi dan Lapangan Usaha di 17 Sektor,P Jasa Pendidikan,2025,Februari,2719583,Rupiah,120024752082125189
SUMATERA UTARA,Rata-Rata Upah/Gaji Bersih Sebulan Buruh/Karyawan/Pegawai menurut Provinsi dan Lapangan Usaha di 17 Sektor,P Jasa Pendidikan,2025,Agustus,2711609,Rupiah,120024752082125190
SUMATERA UTARA,Rata-Rata Upah/Gaji Bersih Sebulan Buruh/Karyawan/Pegawai menurut Provinsi dan Lapangan Usaha di 17 Sektor,Q Jasa Kesehatan dan Kegiatan Sosial,2025,Februari,3984348,Rupiah,120024752083125189
SUMATERA UTARA,Rata-Rata Upah/Gaji Bersih Sebulan Buruh/Karyawan/Pegawai menurut Provinsi dan Lapangan Usaha di 17 Sektor,Q Jasa Kesehatan dan Kegiatan Sosial,2025,Agustus,3319672,Rupiah,120024752083125190
SUMATERA UTARA,Rata-Rata Upah/Gaji Bersih Sebulan Buruh/Karyawan/Pegawai menurut Provinsi dan Lapangan Usaha di 17 Sektor,"R,S,T,U Jasa Lainnya",2025,Februari,1439289,Rupiah,120024752084125189
SUMATERA UTARA,Rata-Rata Upah/Gaji Bersih Sebulan Buruh/Karyawan/Pegawai menurut Provinsi dan Lapangan Usaha di 17 Sektor,"R,S,T,U Jasa Lainnya",2025,Agustus,1550704,Rupiah,120024752084125190
SUMATERA UTARA,Rata-Rata Upah/Gaji Bersih Sebulan Buruh/Karyawan/Pegawai menurut Provinsi dan Lapangan Usaha di 17 Sektor,Total,2025,Februari,2647529,Rupiah,120024752085125189
SUMATERA UTARA,Rata-Rata Upah/Gaji Bersih Sebulan Buruh/Karyawan/Pegawai menurut Provinsi dan Lapangan Usaha di 17 Sektor,Total,2025,Agustus,2815066,Rupiah,120024752085125190
SUMATERA BARAT,Rata-Rata Upah/Gaji Bersih Sebulan Buruh/Karyawan/Pegawai menurut Provinsi dan Lapangan Usaha di 17 Sektor,"A Pertanian, Kehutanan dan Perikanan",2025,Februari,2119389,Rupiah,130024752068125189
SUMATERA BARAT,Rata-Rata Upah/Gaji Bersih Sebulan Buruh/Karyawan/Pegawai menurut Provinsi dan Lapangan Usaha di 17 Sektor,"A Pertanian, Kehutanan dan Perikanan",2025,Agustus,2233507,Rupiah,130024752068125190
SUMATERA BARAT,Rata-Rata Upah/Gaji Bersih Sebulan Buruh/Karyawan/Pegawai menurut Provinsi dan Lapangan Usaha di 17 Sektor,B Pertambangan dan Penggalian,2025,Februari,3270992,Rupiah,130024752069125189
SUMATERA BARAT,Rata-Rata Upah/Gaji Bersih Sebulan Buruh/Karyawan/Pegawai menurut Provinsi dan Lapangan Usaha di 17 Sektor,B Pertambangan dan Penggalian,2025,Agustus,3497048,Rupiah,130024752069125190
SUMATERA BARAT,Rata-Rata Upah/Gaji Bersih Sebulan Buruh/Karyawan/Pegawai menurut Provinsi dan Lapangan Usaha di 17 Sektor,C Industri Pengolahan,2025,Februari,2415850,Rupiah,130024752070125189
SUMATERA BARAT,Rata-Rata Upah/Gaji Bersih Sebulan Buruh/Karyawan/Pegawai menurut Provinsi dan Lapangan Usaha di 17 Sektor,C Industri Pengolahan,2025,Agustus,2215561,Rupiah,130024752070125190
SUMATERA BARAT,Rata-Rata Upah/Gaji Bersih Sebulan Buruh/Karyawan/Pegawai menurut Provinsi dan Lapangan Usaha di 17 Sektor,D Pengadaan Listrik dan Gas,2025,Februari,5913850,Rupiah,130024752071125189
SUMATERA BARAT,Rata-Rata Upah/Gaji Bersih Sebulan Buruh/Karyawan/Pegawai menurut Provinsi dan Lapangan Usaha di 17 Sektor,D Pengadaan Listrik dan Gas,2025,Agustus,4075375,Rupiah,130024752071125190
SUMATERA BARAT,Rata-Rata Upah/Gaji Bersih Sebulan Buruh/Karyawan/Pegawai menurut Provinsi dan Lapangan Usaha di 17 Sektor,"E Pengadaan Air, Pengelolaan Sampah, Limbah dan Daur Ulang",2025,Februari,3048847,Rupiah,130024752072125189
SUMATERA BARAT,Rata-Rata Upah/Gaji Bersih Sebulan Buruh/Karyawan/Pegawai menurut Provinsi dan Lapangan Usaha di 17 Sektor,"E Pengadaan Air, Pengelolaan Sampah, Limbah dan Daur Ulang",2025,Agustus,3217644,Rupiah,130024752072125190
SUMATERA BARAT,Rata-Rata Upah/Gaji Bersih Sebulan Buruh/Karyawan/Pegawai menurut Provinsi dan Lapangan Usaha di 17 Sektor,F Konstruksi,2025,Februari,2811719,Rupiah,130024752073125189
SUMATERA BARAT,Rata-Rata Upah/Gaji Bersih Sebulan Buruh/Karyawan/Pegawai menurut Provinsi dan Lapangan Usaha di 17 Sektor,F Konstruksi,2025,Agustus,2640831,Rupiah,130024752073125190
SUMATERA BARAT,Rata-Rata Upah/Gaji Bersih Sebulan Buruh/Karyawan/Pegawai menurut Provinsi dan Lapangan Usaha di 17 Sektor,"G Perdagangan Besar dan Eceran, Reparasi Mobil dan Sepeda Motor",2025,Februari,2409372,Rupiah,130024752074125189
SUMATERA BARAT,Rata-Rata Upah/Gaji Bersih Sebulan Buruh/Karyawan/Pegawai menurut Provinsi dan Lapangan Usaha di 17 Sektor,"G Perdagangan Besar dan Eceran, Reparasi Mobil dan Sepeda Motor",2025,Agustus,2287647,Rupiah,130024752074125190
SUMATERA BARAT,Rata-Rata Upah/Gaji Bersih Sebulan Buruh/Karyawan/Pegawai menurut Provinsi dan Lapangan Usaha di 17 Sektor,H Transportasi dan Pergudangan,2025,Februari,2460654,Rupiah,130024752075125189
SUMATERA BARAT,Rata-Rata Upah/Gaji Bersih Sebulan Buruh/Karyawan/Pegawai menurut Provinsi dan Lapangan Usaha di 17 Sektor,H Transportasi dan Pergudangan,2025,Agustus,3258616,Rupiah,130024752075125190
SUMATERA BARAT,Rata-Rata Upah/Gaji Bersih Sebulan Buruh/Karyawan/Pegawai menurut Provinsi dan Lapangan Usaha di 17 Sektor,I Penyediaan Akomodasi dan Makan Minum,2025,Februari,1747326,Rupiah,130024752076125189
SUMATERA BARAT,Rata-Rata Upah/Gaji Bersih Sebulan Buruh/Karyawan/Pegawai menurut Provinsi dan Lapangan Usaha di 17 Sektor,I Penyediaan Akomodasi dan Makan Minum,2025,Agustus,2116034,Rupiah,130024752076125190
SUMATERA BARAT,Rata-Rata Upah/Gaji Bersih Sebulan Buruh/Karyawan/Pegawai menurut Provinsi dan Lapangan Usaha di 17 Sektor,J Informasi dan Komunikasi,2025,Februari,1964113,Rupiah,130024752077125189
SUMATERA BARAT,Rata-Rata Upah/Gaji Bersih Sebulan Buruh/Karyawan/Pegawai menurut Provinsi dan Lapangan Usaha di 17 Sektor,J Informasi dan Komunikasi,2025,Agustus,2190553,Rupiah,130024752077125190
SUMATERA BARAT,Rata-Rata Upah/Gaji Bersih Sebulan Buruh/Karyawan/Pegawai menurut Provinsi dan Lapangan Usaha di 17 Sektor,K Jasa Keuangan dan Asuransi,2025,Februari,4205248,Rupiah,130024752078125189
SUMATERA BARAT,Rata-Rata Upah/Gaji Bersih Sebulan Buruh/Karyawan/Pegawai menurut Provinsi dan Lapangan Usaha di 17 Sektor,K Jasa Keuangan dan Asuransi,2025,Agustus,4398979,Rupiah,130024752078125190
SUMATERA BARAT,Rata-Rata Upah/Gaji Bersih Sebulan Buruh/Karyawan/Pegawai menurut Provinsi dan Lapangan Usaha di 17 Sektor,L Real Estate,2025,Agustus,3827618,Rupiah,130024752079125190
SUMATERA BARAT,Rata-Rata Upah/Gaji Bersih Sebulan Buruh/Karyawan/Pegawai menurut Provinsi dan Lapangan Usaha di 17 Sektor,"M,N Jasa Perusahaan",2025,Februari,2795109,Rupiah,130024752080125189
SUMATERA BARAT,Rata-Rata Upah/Gaji Bersih Sebulan Buruh/Karyawan/Pegawai menurut Provinsi dan Lapangan Usaha di 17 Sektor,"M,N Jasa Perusahaan",2025,Agustus,2482046,Rupiah,130024752080125190
SUMATERA BARAT,Rata-Rata Upah/Gaji Bersih Sebulan Buruh/Karyawan/Pegawai menurut Provinsi dan Lapangan Usaha di 17 Sektor,"O Administrasi Pemerintahan, Pertahanan dan Jaminan Sosial Wajib",2025,Februari,3559225,Rupiah,130024752081125189
SUMATERA BARAT,Rata-Rata Upah/Gaji Bersih Sebulan Buruh/Karyawan/Pegawai menurut Provinsi dan Lapangan Usaha di 17 Sektor,"O Administrasi Pemerintahan, Pertahanan dan Jaminan Sosial Wajib",2025,Agustus,4017507,Rupiah,130024752081125190
SUMATERA BARAT,Rata-Rata Upah/Gaji Bersih Sebulan Buruh/Karyawan/Pegawai menurut Provinsi dan Lapangan Usaha di 17 Sektor,P Jasa Pendidikan,2025,Februari,2905448,Rupiah,130024752082125189
SUMATERA BARAT,Rata-Rata Upah/Gaji Bersih Sebulan Buruh/Karyawan/Pegawai menurut Provinsi dan Lapangan Usaha di 17 Sektor,P Jasa Pendidikan,2025,Agustus,3244211,Rupiah,130024752082125190
SUMATERA BARAT,Rata-Rata Upah/Gaji Bersih Sebulan Buruh/Karyawan/Pegawai menurut Provinsi dan Lapangan Usaha di 17 Sektor,Q Jasa Kesehatan dan Kegiatan Sosial,2025,Februari,3255629,Rupiah,130024752083125189
SUMATERA BARAT,Rata-Rata Upah/Gaji Bersih Sebulan Buruh/Karyawan/Pegawai menurut Provinsi dan Lapangan Usaha di 17 Sektor,Q Jasa Kesehatan dan Kegiatan Sosial,2025,Agustus,3160689,Rupiah,130024752083125190
SUMATERA BARAT,Rata-Rata Upah/Gaji Bersih Sebulan Buruh/Karyawan/Pegawai menurut Provinsi dan Lapangan Usaha di 17 Sektor,"R,S,T,U Jasa Lainnya",2025,Februari,1703040,Rupiah,130024752084125189
SUMATERA BARAT,Rata-Rata Upah/Gaji Bersih Sebulan Buruh/Karyawan/Pegawai menurut Provinsi dan Lapangan Usaha di 17 Sektor,"R,S,T,U Jasa Lainnya",2025,Agustus,1727400,Rupiah,130024752084125190
SUMATERA BARAT,Rata-Rata Upah/Gaji Bersih Sebulan Buruh/Karyawan/Pegawai menurut Provinsi dan Lapangan Usaha di 17 Sektor,Total,2025,Februari,2831404,Rupiah,130024752085125189
SUMATERA BARAT,Rata-Rata Upah/Gaji Bersih Sebulan Buruh/Karyawan/Pegawai menurut Provinsi dan Lapangan Usaha di 17 Sektor,Total,2025,Agustus,2911450,Rupiah,130024752085125190
RIAU,Rata-Rata Upah/Gaji Bersih Sebulan Buruh/Karyawan/Pegawai menurut Provinsi dan Lapangan Usaha di 17 Sektor,"A Pertanian, Kehutanan dan Perikanan",2025,Februari,2597909,Rupiah,140024752068125189
RIAU,Rata-Rata Upah/Gaji Bersih Sebulan Buruh/Karyawan/Pegawai menurut Provinsi dan Lapangan Usaha di 17 Sektor,"A Pertanian, Kehutanan dan Perikanan",2025,Agustus,2913134,Rupiah,140024752068125190
RIAU,Rata-Rata Upah/Gaji Bersih Sebulan Buruh/Karyawan/Pegawai menurut Provinsi dan Lapangan Usaha di 17 Sektor,B Pertambangan dan Penggalian,2025,Februari,5746281,Rupiah,140024752069125189
RIAU,Rata-Rata Upah/Gaji Bersih Sebulan Buruh/Karyawan/Pegawai menurut Provinsi dan Lapangan Usaha di 17 Sektor,B Pertambangan dan Penggalian,2025,Agustus,5053725,Rupiah,140024752069125190
RIAU,Rata-Rata Upah/Gaji Bersih Sebulan Buruh/Karyawan/Pegawai menurut Provinsi dan Lapangan Usaha di 17 Sektor,C Industri Pengolahan,2025,Februari,3850417,Rupiah,140024752070125189
RIAU,Rata-Rata Upah/Gaji Bersih Sebulan Buruh/Karyawan/Pegawai menurut Provinsi dan Lapangan Usaha di 17 Sektor,C Industri Pengolahan,2025,Agustus,3678722,Rupiah,140024752070125190
RIAU,Rata-Rata Upah/Gaji Bersih Sebulan Buruh/Karyawan/Pegawai menurut Provinsi dan Lapangan Usaha di 17 Sektor,D Pengadaan Listrik dan Gas,2025,Februari,6309772,Rupiah,140024752071125189
RIAU,Rata-Rata Upah/Gaji Bersih Sebulan Buruh/Karyawan/Pegawai menurut Provinsi dan Lapangan Usaha di 17 Sektor,D Pengadaan Listrik dan Gas,2025,Agustus,4436623,Rupiah,140024752071125190
RIAU,Rata-Rata Upah/Gaji Bersih Sebulan Buruh/Karyawan/Pegawai menurut Provinsi dan Lapangan Usaha di 17 Sektor,"E Pengadaan Air, Pengelolaan Sampah, Limbah dan Daur Ulang",2025,Februari,2455167,Rupiah,140024752072125189
RIAU,Rata-Rata Upah/Gaji Bersih Sebulan Buruh/Karyawan/Pegawai menurut Provinsi dan Lapangan Usaha di 17 Sektor,"E Pengadaan Air, Pengelolaan Sampah, Limbah dan Daur Ulang",2025,Agustus,2968891,Rupiah,140024752072125190
RIAU,Rata-Rata Upah/Gaji Bersih Sebulan Buruh/Karyawan/Pegawai menurut Provinsi dan Lapangan Usaha di 17 Sektor,F Konstruksi,2025,Februari,3039411,Rupiah,140024752073125189
RIAU,Rata-Rata Upah/Gaji Bersih Sebulan Buruh/Karyawan/Pegawai menurut Provinsi dan Lapangan Usaha di 17 Sektor,F Konstruksi,2025,Agustus,3377050,Rupiah,140024752073125190
RIAU,Rata-Rata Upah/Gaji Bersih Sebulan Buruh/Karyawan/Pegawai menurut Provinsi dan Lapangan Usaha di 17 Sektor,"G Perdagangan Besar dan Eceran, Reparasi Mobil dan Sepeda Motor",2025,Februari,2592471,Rupiah,140024752074125189
RIAU,Rata-Rata Upah/Gaji Bersih Sebulan Buruh/Karyawan/Pegawai menurut Provinsi dan Lapangan Usaha di 17 Sektor,"G Perdagangan Besar dan Eceran, Reparasi Mobil dan Sepeda Motor",2025,Agustus,2588447,Rupiah,140024752074125190
RIAU,Rata-Rata Upah/Gaji Bersih Sebulan Buruh/Karyawan/Pegawai menurut Provinsi dan Lapangan Usaha di 17 Sektor,H Transportasi dan Pergudangan,2025,Februari,3691124,Rupiah,140024752075125189
RIAU,Rata-Rata Upah/Gaji Bersih Sebulan Buruh/Karyawan/Pegawai menurut Provinsi dan Lapangan Usaha di 17 Sektor,H Transportasi dan Pergudangan,2025,Agustus,3333202,Rupiah,140024752075125190
RIAU,Rata-Rata Upah/Gaji Bersih Sebulan Buruh/Karyawan/Pegawai menurut Provinsi dan Lapangan Usaha di 17 Sektor,I Penyediaan Akomodasi dan Makan Minum,2025,Februari,2504459,Rupiah,140024752076125189
RIAU,Rata-Rata Upah/Gaji Bersih Sebulan Buruh/Karyawan/Pegawai menurut Provinsi dan Lapangan Usaha di 17 Sektor,I Penyediaan Akomodasi dan Makan Minum,2025,Agustus,2055447,Rupiah,140024752076125190
RIAU,Rata-Rata Upah/Gaji Bersih Sebulan Buruh/Karyawan/Pegawai menurut Provinsi dan Lapangan Usaha di 17 Sektor,J Informasi dan Komunikasi,2025,Februari,3695123,Rupiah,140024752077125189
RIAU,Rata-Rata Upah/Gaji Bersih Sebulan Buruh/Karyawan/Pegawai menurut Provinsi dan Lapangan Usaha di 17 Sektor,J Informasi dan Komunikasi,2025,Agustus,3016618,Rupiah,140024752077125190
RIAU,Rata-Rata Upah/Gaji Bersih Sebulan Buruh/Karyawan/Pegawai menurut Provinsi dan Lapangan Usaha di 17 Sektor,K Jasa Keuangan dan Asuransi,2025,Februari,4313004,Rupiah,140024752078125189
RIAU,Rata-Rata Upah/Gaji Bersih Sebulan Buruh/Karyawan/Pegawai menurut Provinsi dan Lapangan Usaha di 17 Sektor,K Jasa Keuangan dan Asuransi,2025,Agustus,4001807,Rupiah,140024752078125190
RIAU,Rata-Rata Upah/Gaji Bersih Sebulan Buruh/Karyawan/Pegawai menurut Provinsi dan Lapangan Usaha di 17 Sektor,L Real Estate,2025,Februari,3808534,Rupiah,140024752079125189
RIAU,Rata-Rata Upah/Gaji Bersih Sebulan Buruh/Karyawan/Pegawai menurut Provinsi dan Lapangan Usaha di 17 Sektor,L Real Estate,2025,Agustus,5877115,Rupiah,140024752079125190
RIAU,Rata-Rata Upah/Gaji Bersih Sebulan Buruh/Karyawan/Pegawai menurut Provinsi dan Lapangan Usaha di 17 Sektor,"M,N Jasa Perusahaan",2025,Februari,2931661,Rupiah,140024752080125189
RIAU,Rata-Rata Upah/Gaji Bersih Sebulan Buruh/Karyawan/Pegawai menurut Provinsi dan Lapangan Usaha di 17 Sektor,"M,N Jasa Perusahaan",2025,Agustus,3237918,Rupiah,140024752080125190
RIAU,Rata-Rata Upah/Gaji Bersih Sebulan Buruh/Karyawan/Pegawai menurut Provinsi dan Lapangan Usaha di 17 Sektor,"O Administrasi Pemerintahan, Pertahanan dan Jaminan Sosial Wajib",2025,Februari,3290958,Rupiah,140024752081125189
RIAU,Rata-Rata Upah/Gaji Bersih Sebulan Buruh/Karyawan/Pegawai menurut Provinsi dan Lapangan Usaha di 17 Sektor,"O Administrasi Pemerintahan, Pertahanan dan Jaminan Sosial Wajib",2025,Agustus,3695284,Rupiah,140024752081125190
RIAU,Rata-Rata Upah/Gaji Bersih Sebulan Buruh/Karyawan/Pegawai menurut Provinsi dan Lapangan Usaha di 17 Sektor,P Jasa Pendidikan,2025,Februari,3053805,Rupiah,140024752082125189
RIAU,Rata-Rata Upah/Gaji Bersih Sebulan Buruh/Karyawan/Pegawai menurut Provinsi dan Lapangan Usaha di 17 Sektor,P Jasa Pendidikan,2025,Agustus,3125295,Rupiah,140024752082125190
RIAU,Rata-Rata Upah/Gaji Bersih Sebulan Buruh/Karyawan/Pegawai menurut Provinsi dan Lapangan Usaha di 17 Sektor,Q Jasa Kesehatan dan Kegiatan Sosial,2025,Februari,2889287,Rupiah,140024752083125189
RIAU,Rata-Rata Upah/Gaji Bersih Sebulan Buruh/Karyawan/Pegawai menurut Provinsi dan Lapangan Usaha di 17 Sektor,Q Jasa Kesehatan dan Kegiatan Sosial,2025,Agustus,3436376,Rupiah,140024752083125190
RIAU,Rata-Rata Upah/Gaji Bersih Sebulan Buruh/Karyawan/Pegawai menurut Provinsi dan Lapangan Usaha di 17 Sektor,"R,S,T,U Jasa Lainnya",2025,Februari,2170657,Rupiah,140024752084125189
RIAU,Rata-Rata Upah/Gaji Bersih Sebulan Buruh/Karyawan/Pegawai menurut Provinsi dan Lapangan Usaha di 17 Sektor,"R,S,T,U Jasa Lainnya",2025,Agustus,1754062,Rupiah,140024752084125190
RIAU,Rata-Rata Upah/Gaji Bersih Sebulan Buruh/Karyawan/Pegawai menurut Provinsi dan Lapangan Usaha di 17 Sektor,Total,2025,Februari,3083274,Rupiah,140024752085125189
RIAU,Rata-Rata Upah/Gaji Bersih Sebulan Buruh/Karyawan/Pegawai menurut Provinsi dan Lapangan Usaha di 17 Sektor,Total,2025,Agustus,3144261,Rupiah,140024752085125190
JAMBI,Rata-Rata Upah/Gaji Bersih Sebulan Buruh/Karyawan/Pegawai menurut Provinsi dan Lapangan Usaha di 17 Sektor,"A Pertanian, Kehutanan dan Perikanan",2025,Februari,2124354,Rupiah,150024752068125189
JAMBI,Rata-Rata Upah/Gaji Bersih Sebulan Buruh/Karyawan/Pegawai menurut Provinsi dan Lapangan Usaha di 17 Sektor,"A Pertanian, Kehutanan dan Perikanan",2025,Agustus,2374063,Rupiah,150024752068125190
JAMBI,Rata-Rata Upah/Gaji Bersih Sebulan Buruh/Karyawan/Pegawai menurut Provinsi dan Lapangan Usaha di 17 Sektor,B Pertambangan dan Penggalian,2025,Februari,3629933,Rupiah,150024752069125189
JAMBI,Rata-Rata Upah/Gaji Bersih Sebulan Buruh/Karyawan/Pegawai menurut Provinsi dan Lapangan Usaha di 17 Sektor,B Pertambangan dan Penggalian,2025,Agustus,4835163,Rupiah,150024752069125190
JAMBI,Rata-Rata Upah/Gaji Bersih Sebulan Buruh/Karyawan/Pegawai menurut Provinsi dan Lapangan Usaha di 17 Sektor,C Industri Pengolahan,2025,Februari,2821050,Rupiah,150024752070125189
JAMBI,Rata-Rata Upah/Gaji Bersih Sebulan Buruh/Karyawan/Pegawai menurut Provinsi dan Lapangan Usaha di 17 Sektor,C Industri Pengolahan,2025,Agustus,3056052,Rupiah,150024752070125190
JAMBI,Rata-Rata Upah/Gaji Bersih Sebulan Buruh/Karyawan/Pegawai menurut Provinsi dan Lapangan Usaha di 17 Sektor,D Pengadaan Listrik dan Gas,2025,Februari,3484339,Rupiah,150024752071125189
JAMBI,Rata-Rata Upah/Gaji Bersih Sebulan Buruh/Karyawan/Pegawai menurut Provinsi dan Lapangan Usaha di 17 Sektor,D Pengadaan Listrik dan Gas,2025,Agustus,4155688,Rupiah,150024752071125190
JAMBI,Rata-Rata Upah/Gaji Bersih Sebulan Buruh/Karyawan/Pegawai menurut Provinsi dan Lapangan Usaha di 17 Sektor,"E Pengadaan Air, Pengelolaan Sampah, Limbah dan Daur Ulang",2025,Agustus,3454516,Rupiah,150024752072125190
JAMBI,Rata-Rata Upah/Gaji Bersih Sebulan Buruh/Karyawan/Pegawai menurut Provinsi dan Lapangan Usaha di 17 Sektor,F Konstruksi,2025,Februari,3037800,Rupiah,150024752073125189
JAMBI,Rata-Rata Upah/Gaji Bersih Sebulan Buruh/Karyawan/Pegawai menurut Provinsi dan Lapangan Usaha di 17 Sektor,F Konstruksi,2025,Agustus,2738337,Rupiah,150024752073125190
JAMBI,Rata-Rata Upah/Gaji Bersih Sebulan Buruh/Karyawan/Pegawai menurut Provinsi dan Lapangan Usaha di 17 Sektor,"G Perdagangan Besar dan Eceran, Reparasi Mobil dan Sepeda Motor",2025,Februari,2417010,Rupiah,150024752074125189
JAMBI,Rata-Rata Upah/Gaji Bersih Sebulan Buruh/Karyawan/Pegawai menurut Provinsi dan Lapangan Usaha di 17 Sektor,"G Perdagangan Besar dan Eceran, Reparasi Mobil dan Sepeda Motor",2025,Agustus,2609235,Rupiah,150024752074125190
JAMBI,Rata-Rata Upah/Gaji Bersih Sebulan Buruh/Karyawan/Pegawai menurut Provinsi dan Lapangan Usaha di 17 Sektor,H Transportasi dan Pergudangan,2025,Februari,3968981,Rupiah,150024752075125189
JAMBI,Rata-Rata Upah/Gaji Bersih Sebulan Buruh/Karyawan/Pegawai menurut Provinsi dan Lapangan Usaha di 17 Sektor,H Transportasi dan Pergudangan,2025,Agustus,3035742,Rupiah,150024752075125190
JAMBI,Rata-Rata Upah/Gaji Bersih Sebulan Buruh/Karyawan/Pegawai menurut Provinsi dan Lapangan Usaha di 17 Sektor,I Penyediaan Akomodasi dan Makan Minum,2025,Februari,1677292,Rupiah,150024752076125189
JAMBI,Rata-Rata Upah/Gaji Bersih Sebulan Buruh/Karyawan/Pegawai menurut Provinsi dan Lapangan Usaha di 17 Sektor,I Penyediaan Akomodasi dan Makan Minum,2025,Agustus,1781155,Rupiah,150024752076125190
JAMBI,Rata-Rata Upah/Gaji Bersih Sebulan Buruh/Karyawan/Pegawai menurut Provinsi dan Lapangan Usaha di 17 Sektor,J Informasi dan Komunikasi,2025,Februari,3835937,Rupiah,150024752077125189
JAMBI,Rata-Rata Upah/Gaji Bersih Sebulan Buruh/Karyawan/Pegawai menurut Provinsi dan Lapangan Usaha di 17 Sektor,J Informasi dan Komunikasi,2025,Agustus,3611862,Rupiah,150024752077125190
JAMBI,Rata-Rata Upah/Gaji Bersih Sebulan Buruh/Karyawan/Pegawai menurut Provinsi dan Lapangan Usaha di 17 Sektor,K Jasa Keuangan dan Asuransi,2025,Februari,3011289,Rupiah,150024752078125189
JAMBI,Rata-Rata Upah/Gaji Bersih Sebulan Buruh/Karyawan/Pegawai menurut Provinsi dan Lapangan Usaha di 17 Sektor,K Jasa Keuangan dan Asuransi,2025,Agustus,3715284,Rupiah,150024752078125190
JAMBI,Rata-Rata Upah/Gaji Bersih Sebulan Buruh/Karyawan/Pegawai menurut Provinsi dan Lapangan Usaha di 17 Sektor,L Real Estate,2025,Agustus,4941026,Rupiah,150024752079125190
JAMBI,Rata-Rata Upah/Gaji Bersih Sebulan Buruh/Karyawan/Pegawai menurut Provinsi dan Lapangan Usaha di 17 Sektor,"M,N Jasa Perusahaan",2025,Februari,2808645,Rupiah,150024752080125189
JAMBI,Rata-Rata Upah/Gaji Bersih Sebulan Buruh/Karyawan/Pegawai menurut Provinsi dan Lapangan Usaha di 17 Sektor,"M,N Jasa Perusahaan",2025,Agustus,3369494,Rupiah,150024752080125190
JAMBI,Rata-Rata Upah/Gaji Bersih Sebulan Buruh/Karyawan/Pegawai menurut Provinsi dan Lapangan Usaha di 17 Sektor,"O Administrasi Pemerintahan, Pertahanan dan Jaminan Sosial Wajib",2025,Februari,3796940,Rupiah,150024752081125189
JAMBI,Rata-Rata Upah/Gaji Bersih Sebulan Buruh/Karyawan/Pegawai menurut Provinsi dan Lapangan Usaha di 17 Sektor,"O Administrasi Pemerintahan, Pertahanan dan Jaminan Sosial Wajib",2025,Agustus,3489398,Rupiah,150024752081125190
JAMBI,Rata-Rata Upah/Gaji Bersih Sebulan Buruh/Karyawan/Pegawai menurut Provinsi dan Lapangan Usaha di 17 Sektor,P Jasa Pendidikan,2025,Februari,2902078,Rupiah,150024752082125189
JAMBI,Rata-Rata Upah/Gaji Bersih Sebulan Buruh/Karyawan/Pegawai menurut Provinsi dan Lapangan Usaha di 17 Sektor,P Jasa Pendidikan,2025,Agustus,3078673,Rupiah,150024752082125190
JAMBI,Rata-Rata Upah/Gaji Bersih Sebulan Buruh/Karyawan/Pegawai menurut Provinsi dan Lapangan Usaha di 17 Sektor,Q Jasa Kesehatan dan Kegiatan Sosial,2025,Februari,2901689,Rupiah,150024752083125189
JAMBI,Rata-Rata Upah/Gaji Bersih Sebulan Buruh/Karyawan/Pegawai menurut Provinsi dan Lapangan Usaha di 17 Sektor,Q Jasa Kesehatan dan Kegiatan Sosial,2025,Agustus,3124730,Rupiah,150024752083125190
JAMBI,Rata-Rata Upah/Gaji Bersih Sebulan Buruh/Karyawan/Pegawai menurut Provinsi dan Lapangan Usaha di 17 Sektor,"R,S,T,U Jasa Lainnya",2025,Februari,1502896,Rupiah,150024752084125189
JAMBI,Rata-Rata Upah/Gaji Bersih Sebulan Buruh/Karyawan/Pegawai menurut Provinsi dan Lapangan Usaha di 17 Sektor,"R,S,T,U Jasa Lainnya",2025,Agustus,1460557,Rupiah,150024752084125190
JAMBI,Rata-Rata Upah/Gaji Bersih Sebulan Buruh/Karyawan/Pegawai menurut Provinsi dan Lapangan Usaha di 17 Sektor,Total,2025,Februari,2789581,Rupiah,150024752085125189
JAMBI,Rata-Rata Upah/Gaji Bersih Sebulan Buruh/Karyawan/Pegawai menurut Provinsi dan Lapangan Usaha di 17 Sektor,Total,2025,Agustus,2975646,Rupiah,150024752085125190
SUMATERA SELATAN,Rata-Rata Upah/Gaji Bersih Sebulan Buruh/Karyawan/Pegawai menurut Provinsi dan Lapangan Usaha di 17 Sektor,"A Pertanian, Kehutanan dan Perikanan",2025,Februari,2036244,Rupiah,160024752068125189
SUMATERA SELATAN,Rata-Rata Upah/Gaji Bersih Sebulan Buruh/Karyawan/Pegawai menurut Provinsi dan Lapangan Usaha di 17 Sektor,"A Pertanian, Kehutanan dan Perikanan",2025,Agustus,2340552,Rupiah,160024752068125190
SUMATERA SELATAN,Rata-Rata Upah/Gaji Bersih Sebulan Buruh/Karyawan/Pegawai menurut Provinsi dan Lapangan Usaha di 17 Sektor,B Pertambangan dan Penggalian,2025,Februari,5372913,Rupiah,160024752069125189
SUMATERA SELATAN,Rata-Rata Upah/Gaji Bersih Sebulan Buruh/Karyawan/Pegawai menurut Provinsi dan Lapangan Usaha di 17 Sektor,B Pertambangan dan Penggalian,2025,Agustus,6788283,Rupiah,160024752069125190
SUMATERA SELATAN,Rata-Rata Upah/Gaji Bersih Sebulan Buruh/Karyawan/Pegawai menurut Provinsi dan Lapangan Usaha di 17 Sektor,C Industri Pengolahan,2025,Februari,2816775,Rupiah,160024752070125189
SUMATERA SELATAN,Rata-Rata Upah/Gaji Bersih Sebulan Buruh/Karyawan/Pegawai menurut Provinsi dan Lapangan Usaha di 17 Sektor,C Industri Pengolahan,2025,Agustus,2947638,Rupiah,160024752070125190
SUMATERA SELATAN,Rata-Rata Upah/Gaji Bersih Sebulan Buruh/Karyawan/Pegawai menurut Provinsi dan Lapangan Usaha di 17 Sektor,D Pengadaan Listrik dan Gas,2025,Februari,5003443,Rupiah,160024752071125189
SUMATERA SELATAN,Rata-Rata Upah/Gaji Bersih Sebulan Buruh/Karyawan/Pegawai menurut Provinsi dan Lapangan Usaha di 17 Sektor,D Pengadaan Listrik dan Gas,2025,Agustus,4802398,Rupiah,160024752071125190
SUMATERA SELATAN,Rata-Rata Upah/Gaji Bersih Sebulan Buruh/Karyawan/Pegawai menurut Provinsi dan Lapangan Usaha di 17 Sektor,"E Pengadaan Air, Pengelolaan Sampah, Limbah dan Daur Ulang",2025,Februari,2209857,Rupiah,160024752072125189
SUMATERA SELATAN,Rata-Rata Upah/Gaji Bersih Sebulan Buruh/Karyawan/Pegawai menurut Provinsi dan Lapangan Usaha di 17 Sektor,"E Pengadaan Air, Pengelolaan Sampah, Limbah dan Daur Ulang",2025,Agustus,3889603,Rupiah,160024752072125190
SUMATERA SELATAN,Rata-Rata Upah/Gaji Bersih Sebulan Buruh/Karyawan/Pegawai menurut Provinsi dan Lapangan Usaha di 17 Sektor,F Konstruksi,2025,Februari,2579261,Rupiah,160024752073125189
SUMATERA SELATAN,Rata-Rata Upah/Gaji Bersih Sebulan Buruh/Karyawan/Pegawai menurut Provinsi dan Lapangan Usaha di 17 Sektor,F Konstruksi,2025,Agustus,2742058,Rupiah,160024752073125190
SUMATERA SELATAN,Rata-Rata Upah/Gaji Bersih Sebulan Buruh/Karyawan/Pegawai menurut Provinsi dan Lapangan Usaha di 17 Sektor,"G Perdagangan Besar dan Eceran, Reparasi Mobil dan Sepeda Motor",2025,Februari,2475334,Rupiah,160024752074125189
SUMATERA SELATAN,Rata-Rata Upah/Gaji Bersih Sebulan Buruh/Karyawan/Pegawai menurut Provinsi dan Lapangan Usaha di 17 Sektor,"G Perdagangan Besar dan Eceran, Reparasi Mobil dan Sepeda Motor",2025,Agustus,2549753,Rupiah,160024752074125190
SUMATERA SELATAN,Rata-Rata Upah/Gaji Bersih Sebulan Buruh/Karyawan/Pegawai menurut Provinsi dan Lapangan Usaha di 17 Sektor,H Transportasi dan Pergudangan,2025,Februari,3263032,Rupiah,160024752075125189
SUMATERA SELATAN,Rata-Rata Upah/Gaji Bersih Sebulan Buruh/Karyawan/Pegawai menurut Provinsi dan Lapangan Usaha di 17 Sektor,H Transportasi dan Pergudangan,2025,Agustus,3412918,Rupiah,160024752075125190
SUMATERA SELATAN,Rata-Rata Upah/Gaji Bersih Sebulan Buruh/Karyawan/Pegawai menurut Provinsi dan Lapangan Usaha di 17 Sektor,I Penyediaan Akomodasi dan Makan Minum,2025,Februari,2042597,Rupiah,160024752076125189
SUMATERA SELATAN,Rata-Rata Upah/Gaji Bersih Sebulan Buruh/Karyawan/Pegawai menurut Provinsi dan Lapangan Usaha di 17 Sektor,I Penyediaan Akomodasi dan Makan Minum,2025,Agustus,2347259,Rupiah,160024752076125190
SUMATERA SELATAN,Rata-Rata Upah/Gaji Bersih Sebulan Buruh/Karyawan/Pegawai menurut Provinsi dan Lapangan Usaha di 17 Sektor,J Informasi dan Komunikasi,2025,Februari,2346244,Rupiah,160024752077125189
SUMATERA SELATAN,Rata-Rata Upah/Gaji Bersih Sebulan Buruh/Karyawan/Pegawai menurut Provinsi dan Lapangan Usaha di 17 Sektor,J Informasi dan Komunikasi,2025,Agustus,4910593,Rupiah,160024752077125190
SUMATERA SELATAN,Rata-Rata Upah/Gaji Bersih Sebulan Buruh/Karyawan/Pegawai menurut Provinsi dan Lapangan Usaha di 17 Sektor,K Jasa Keuangan dan Asuransi,2025,Februari,6538933,Rupiah,160024752078125189
SUMATERA SELATAN,Rata-Rata Upah/Gaji Bersih Sebulan Buruh/Karyawan/Pegawai menurut Provinsi dan Lapangan Usaha di 17 Sektor,K Jasa Keuangan dan Asuransi,2025,Agustus,4251000,Rupiah,160024752078125190
SUMATERA SELATAN,Rata-Rata Upah/Gaji Bersih Sebulan Buruh/Karyawan/Pegawai menurut Provinsi dan Lapangan Usaha di 17 Sektor,L Real Estate,2025,Februari,3216569,Rupiah,160024752079125189
SUMATERA SELATAN,Rata-Rata Upah/Gaji Bersih Sebulan Buruh/Karyawan/Pegawai menurut Provinsi dan Lapangan Usaha di 17 Sektor,L Real Estate,2025,Agustus,3154628,Rupiah,160024752079125190
SUMATERA SELATAN,Rata-Rata Upah/Gaji Bersih Sebulan Buruh/Karyawan/Pegawai menurut Provinsi dan Lapangan Usaha di 17 Sektor,"M,N Jasa Perusahaan",2025,Februari,2833991,Rupiah,160024752080125189
SUMATERA SELATAN,Rata-Rata Upah/Gaji Bersih Sebulan Buruh/Karyawan/Pegawai menurut Provinsi dan Lapangan Usaha di 17 Sektor,"M,N Jasa Perusahaan",2025,Agustus,2999888,Rupiah,160024752080125190
SUMATERA SELATAN,Rata-Rata Upah/Gaji Bersih Sebulan Buruh/Karyawan/Pegawai menurut Provinsi dan Lapangan Usaha di 17 Sektor,"O Administrasi Pemerintahan, Pertahanan dan Jaminan Sosial Wajib",2025,Februari,3016951,Rupiah,160024752081125189
SUMATERA SELATAN,Rata-Rata Upah/Gaji Bersih Sebulan Buruh/Karyawan/Pegawai menurut Provinsi dan Lapangan Usaha di 17 Sektor,"O Administrasi Pemerintahan, Pertahanan dan Jaminan Sosial Wajib",2025,Agustus,3763221,Rupiah,160024752081125190
SUMATERA SELATAN,Rata-Rata Upah/Gaji Bersih Sebulan Buruh/Karyawan/Pegawai menurut Provinsi dan Lapangan Usaha di 17 Sektor,P Jasa Pendidikan,2025,Februari,2694338,Rupiah,160024752082125189
SUMATERA SELATAN,Rata-Rata Upah/Gaji Bersih Sebulan Buruh/Karyawan/Pegawai menurut Provinsi dan Lapangan Usaha di 17 Sektor,P Jasa Pendidikan,2025,Agustus,2951370,Rupiah,160024752082125190
SUMATERA SELATAN,Rata-Rata Upah/Gaji Bersih Sebulan Buruh/Karyawan/Pegawai menurut Provinsi dan Lapangan Usaha di 17 Sektor,Q Jasa Kesehatan dan Kegiatan Sosial,2025,Februari,2911147,Rupiah,160024752083125189
SUMATERA SELATAN,Rata-Rata Upah/Gaji Bersih Sebulan Buruh/Karyawan/Pegawai menurut Provinsi dan Lapangan Usaha di 17 Sektor,Q Jasa Kesehatan dan Kegiatan Sosial,2025,Agustus,3400424,Rupiah,160024752083125190
SUMATERA SELATAN,Rata-Rata Upah/Gaji Bersih Sebulan Buruh/Karyawan/Pegawai menurut Provinsi dan Lapangan Usaha di 17 Sektor,"R,S,T,U Jasa Lainnya",2025,Februari,1394667,Rupiah,160024752084125189
SUMATERA SELATAN,Rata-Rata Upah/Gaji Bersih Sebulan Buruh/Karyawan/Pegawai menurut Provinsi dan Lapangan Usaha di 17 Sektor,"R,S,T,U Jasa Lainnya",2025,Agustus,1512827,Rupiah,160024752084125190
SUMATERA SELATAN,Rata-Rata Upah/Gaji Bersih Sebulan Buruh/Karyawan/Pegawai menurut Provinsi dan Lapangan Usaha di 17 Sektor,Total,2025,Februari,2727684,Rupiah,160024752085125189
SUMATERA SELATAN,Rata-Rata Upah/Gaji Bersih Sebulan Buruh/Karyawan/Pegawai menurut Provinsi dan Lapangan Usaha di 17 Sektor,Total,2025,Agustus,3015055,Rupiah,160024752085125190
BENGKULU,Rata-Rata Upah/Gaji Bersih Sebulan Buruh/Karyawan/Pegawai menurut Provinsi dan Lapangan Usaha di 17 Sektor,"A Pertanian, Kehutanan dan Perikanan",2025,Februari,2135850,Rupiah,170024752068125189
BENGKULU,Rata-Rata Upah/Gaji Bersih Sebulan Buruh/Karyawan/Pegawai menurut Provinsi dan Lapangan Usaha di 17 Sektor,"A Pertanian, Kehutanan dan Perikanan",2025,Agustus,2285360,Rupiah,170024752068125190
BENGKULU,Rata-Rata Upah/Gaji Bersih Sebulan Buruh/Karyawan/Pegawai menurut Provinsi dan Lapangan Usaha di 17 Sektor,B Pertambangan dan Penggalian,2025,Februari,4235185,Rupiah,170024752069125189
BENGKULU,Rata-Rata Upah/Gaji Bersih Sebulan Buruh/Karyawan/Pegawai menurut Provinsi dan Lapangan Usaha di 17 Sektor,B Pertambangan dan Penggalian,2025,Agustus,4128387,Rupiah,170024752069125190
BENGKULU,Rata-Rata Upah/Gaji Bersih Sebulan Buruh/Karyawan/Pegawai menurut Provinsi dan Lapangan Usaha di 17 Sektor,C Industri Pengolahan,2025,Februari,2123224,Rupiah,170024752070125189
BENGKULU,Rata-Rata Upah/Gaji Bersih Sebulan Buruh/Karyawan/Pegawai menurut Provinsi dan Lapangan Usaha di 17 Sektor,C Industri Pengolahan,2025,Agustus,2197537,Rupiah,170024752070125190
BENGKULU,Rata-Rata Upah/Gaji Bersih Sebulan Buruh/Karyawan/Pegawai menurut Provinsi dan Lapangan Usaha di 17 Sektor,D Pengadaan Listrik dan Gas,2025,Februari,2685226,Rupiah,170024752071125189
BENGKULU,Rata-Rata Upah/Gaji Bersih Sebulan Buruh/Karyawan/Pegawai menurut Provinsi dan Lapangan Usaha di 17 Sektor,D Pengadaan Listrik dan Gas,2025,Agustus,3512393,Rupiah,170024752071125190
BENGKULU,Rata-Rata Upah/Gaji Bersih Sebulan Buruh/Karyawan/Pegawai menurut Provinsi dan Lapangan Usaha di 17 Sektor,"E Pengadaan Air, Pengelolaan Sampah, Limbah dan Daur Ulang",2025,Agustus,2000908,Rupiah,170024752072125190
BENGKULU,Rata-Rata Upah/Gaji Bersih Sebulan Buruh/Karyawan/Pegawai menurut Provinsi dan Lapangan Usaha di 17 Sektor,F Konstruksi,2025,Februari,2799761,Rupiah,170024752073125189
BENGKULU,Rata-Rata Upah/Gaji Bersih Sebulan Buruh/Karyawan/Pegawai menurut Provinsi dan Lapangan Usaha di 17 Sektor,F Konstruksi,2025,Agustus,2552530,Rupiah,170024752073125190
BENGKULU,Rata-Rata Upah/Gaji Bersih Sebulan Buruh/Karyawan/Pegawai menurut Provinsi dan Lapangan Usaha di 17 Sektor,"G Perdagangan Besar dan Eceran, Reparasi Mobil dan Sepeda Motor",2025,Februari,2081938,Rupiah,170024752074125189
BENGKULU,Rata-Rata Upah/Gaji Bersih Sebulan Buruh/Karyawan/Pegawai menurut Provinsi dan Lapangan Usaha di 17 Sektor,"G Perdagangan Besar dan Eceran, Reparasi Mobil dan Sepeda Motor",2025,Agustus,2409178,Rupiah,170024752074125190
BENGKULU,Rata-Rata Upah/Gaji Bersih Sebulan Buruh/Karyawan/Pegawai menurut Provinsi dan Lapangan Usaha di 17 Sektor,H Transportasi dan Pergudangan,2025,Februari,2362931,Rupiah,170024752075125189
BENGKULU,Rata-Rata Upah/Gaji Bersih Sebulan Buruh/Karyawan/Pegawai menurut Provinsi dan Lapangan Usaha di 17 Sektor,H Transportasi dan Pergudangan,2025,Agustus,3061786,Rupiah,170024752075125190
BENGKULU,Rata-Rata Upah/Gaji Bersih Sebulan Buruh/Karyawan/Pegawai menurut Provinsi dan Lapangan Usaha di 17 Sektor,I Penyediaan Akomodasi dan Makan Minum,2025,Februari,1817694,Rupiah,170024752076125189
BENGKULU,Rata-Rata Upah/Gaji Bersih Sebulan Buruh/Karyawan/Pegawai menurut Provinsi dan Lapangan Usaha di 17 Sektor,I Penyediaan Akomodasi dan Makan Minum,2025,Agustus,1768884,Rupiah,170024752076125190
BENGKULU,Rata-Rata Upah/Gaji Bersih Sebulan Buruh/Karyawan/Pegawai menurut Provinsi dan Lapangan Usaha di 17 Sektor,J Informasi dan Komunikasi,2025,Februari,2852645,Rupiah,170024752077125189
BENGKULU,Rata-Rata Upah/Gaji Bersih Sebulan Buruh/Karyawan/Pegawai menurut Provinsi dan Lapangan Usaha di 17 Sektor,J Informasi dan Komunikasi,2025,Agustus,2571186,Rupiah,170024752077125190
BENGKULU,Rata-Rata Upah/Gaji Bersih Sebulan Buruh/Karyawan/Pegawai menurut Provinsi dan Lapangan Usaha di 17 Sektor,K Jasa Keuangan dan Asuransi,2025,Februari,4527321,Rupiah,170024752078125189
BENGKULU,Rata-Rata Upah/Gaji Bersih Sebulan Buruh/Karyawan/Pegawai menurut Provinsi dan Lapangan Usaha di 17 Sektor,K Jasa Keuangan dan Asuransi,2025,Agustus,4227697,Rupiah,170024752078125190
BENGKULU,Rata-Rata Upah/Gaji Bersih Sebulan Buruh/Karyawan/Pegawai menurut Provinsi dan Lapangan Usaha di 17 Sektor,L Real Estate,2025,Agustus,2204762,Rupiah,170024752079125190
BENGKULU,Rata-Rata Upah/Gaji Bersih Sebulan Buruh/Karyawan/Pegawai menurut Provinsi dan Lapangan Usaha di 17 Sektor,"M,N Jasa Perusahaan",2025,Februari,2713722,Rupiah,170024752080125189
BENGKULU,Rata-Rata Upah/Gaji Bersih Sebulan Buruh/Karyawan/Pegawai menurut Provinsi dan Lapangan Usaha di 17 Sektor,"M,N Jasa Perusahaan",2025,Agustus,2887227,Rupiah,170024752080125190
BENGKULU,Rata-Rata Upah/Gaji Bersih Sebulan Buruh/Karyawan/Pegawai menurut Provinsi dan Lapangan Usaha di 17 Sektor,"O Administrasi Pemerintahan, Pertahanan dan Jaminan Sosial Wajib",2025,Februari,3460404,Rupiah,170024752081125189
BENGKULU,Rata-Rata Upah/Gaji Bersih Sebulan Buruh/Karyawan/Pegawai menurut Provinsi dan Lapangan Usaha di 17 Sektor,"O Administrasi Pemerintahan, Pertahanan dan Jaminan Sosial Wajib",2025,Agustus,3925552,Rupiah,170024752081125190
BENGKULU,Rata-Rata Upah/Gaji Bersih Sebulan Buruh/Karyawan/Pegawai menurut Provinsi dan Lapangan Usaha di 17 Sektor,P Jasa Pendidikan,2025,Februari,2159107,Rupiah,170024752082125189
BENGKULU,Rata-Rata Upah/Gaji Bersih Sebulan Buruh/Karyawan/Pegawai menurut Provinsi dan Lapangan Usaha di 17 Sektor,P Jasa Pendidikan,2025,Agustus,3172068,Rupiah,170024752082125190
BENGKULU,Rata-Rata Upah/Gaji Bersih Sebulan Buruh/Karyawan/Pegawai menurut Provinsi dan Lapangan Usaha di 17 Sektor,Q Jasa Kesehatan dan Kegiatan Sosial,2025,Februari,2580408,Rupiah,170024752083125189
BENGKULU,Rata-Rata Upah/Gaji Bersih Sebulan Buruh/Karyawan/Pegawai menurut Provinsi dan Lapangan Usaha di 17 Sektor,Q Jasa Kesehatan dan Kegiatan Sosial,2025,Agustus,2922665,Rupiah,170024752083125190
BENGKULU,Rata-Rata Upah/Gaji Bersih Sebulan Buruh/Karyawan/Pegawai menurut Provinsi dan Lapangan Usaha di 17 Sektor,"R,S,T,U Jasa Lainnya",2025,Februari,1485903,Rupiah,170024752084125189
BENGKULU,Rata-Rata Upah/Gaji Bersih Sebulan Buruh/Karyawan/Pegawai menurut Provinsi dan Lapangan Usaha di 17 Sektor,"R,S,T,U Jasa Lainnya",2025,Agustus,1388374,Rupiah,170024752084125190
BENGKULU,Rata-Rata Upah/Gaji Bersih Sebulan Buruh/Karyawan/Pegawai menurut Provinsi dan Lapangan Usaha di 17 Sektor,Total,2025,Februari,2566215,Rupiah,170024752085125189
BENGKULU,Rata-Rata Upah/Gaji Bersih Sebulan Buruh/Karyawan/Pegawai menurut Provinsi dan Lapangan Usaha di 17 Sektor,Total,2025,Agustus,2935681,Rupiah,170024752085125190
LAMPUNG,Rata-Rata Upah/Gaji Bersih Sebulan Buruh/Karyawan/Pegawai menurut Provinsi dan Lapangan Usaha di 17 Sektor,"A Pertanian, Kehutanan dan Perikanan",2025,Februari,1876072,Rupiah,180024752068125189
LAMPUNG,Rata-Rata Upah/Gaji Bersih Sebulan Buruh/Karyawan/Pegawai menurut Provinsi dan Lapangan Usaha di 17 Sektor,"A Pertanian, Kehutanan dan Perikanan",2025,Agustus,2120609,Rupiah,180024752068125190
LAMPUNG,Rata-Rata Upah/Gaji Bersih Sebulan Buruh/Karyawan/Pegawai menurut Provinsi dan Lapangan Usaha di 17 Sektor,B Pertambangan dan Penggalian,2025,Februari,3062850,Rupiah,180024752069125189
LAMPUNG,Rata-Rata Upah/Gaji Bersih Sebulan Buruh/Karyawan/Pegawai menurut Provinsi dan Lapangan Usaha di 17 Sektor,B Pertambangan dan Penggalian,2025,Agustus,2678529,Rupiah,180024752069125190
LAMPUNG,Rata-Rata Upah/Gaji Bersih Sebulan Buruh/Karyawan/Pegawai menurut Provinsi dan Lapangan Usaha di 17 Sektor,C Industri Pengolahan,2025,Februari,2337863,Rupiah,180024752070125189
LAMPUNG,Rata-Rata Upah/Gaji Bersih Sebulan Buruh/Karyawan/Pegawai menurut Provinsi dan Lapangan Usaha di 17 Sektor,C Industri Pengolahan,2025,Agustus,2499331,Rupiah,180024752070125190
LAMPUNG,Rata-Rata Upah/Gaji Bersih Sebulan Buruh/Karyawan/Pegawai menurut Provinsi dan Lapangan Usaha di 17 Sektor,D Pengadaan Listrik dan Gas,2025,Februari,3556171,Rupiah,180024752071125189
LAMPUNG,Rata-Rata Upah/Gaji Bersih Sebulan Buruh/Karyawan/Pegawai menurut Provinsi dan Lapangan Usaha di 17 Sektor,D Pengadaan Listrik dan Gas,2025,Agustus,5094666,Rupiah,180024752071125190
LAMPUNG,Rata-Rata Upah/Gaji Bersih Sebulan Buruh/Karyawan/Pegawai menurut Provinsi dan Lapangan Usaha di 17 Sektor,"E Pengadaan Air, Pengelolaan Sampah, Limbah dan Daur Ulang",2025,Februari,2564459,Rupiah,180024752072125189
LAMPUNG,Rata-Rata Upah/Gaji Bersih Sebulan Buruh/Karyawan/Pegawai menurut Provinsi dan Lapangan Usaha di 17 Sektor,"E Pengadaan Air, Pengelolaan Sampah, Limbah dan Daur Ulang",2025,Agustus,1246190,Rupiah,180024752072125190
LAMPUNG,Rata-Rata Upah/Gaji Bersih Sebulan Buruh/Karyawan/Pegawai menurut Provinsi dan Lapangan Usaha di 17 Sektor,F Konstruksi,2025,Februari,2480542,Rupiah,180024752073125189
LAMPUNG,Rata-Rata Upah/Gaji Bersih Sebulan Buruh/Karyawan/Pegawai menurut Provinsi dan Lapangan Usaha di 17 Sektor,F Konstruksi,2025,Agustus,2565775,Rupiah,180024752073125190
LAMPUNG,Rata-Rata Upah/Gaji Bersih Sebulan Buruh/Karyawan/Pegawai menurut Provinsi dan Lapangan Usaha di 17 Sektor,"G Perdagangan Besar dan Eceran, Reparasi Mobil dan Sepeda Motor",2025,Februari,2038883,Rupiah,180024752074125189
LAMPUNG,Rata-Rata Upah/Gaji Bersih Sebulan Buruh/Karyawan/Pegawai menurut Provinsi dan Lapangan Usaha di 17 Sektor,"G Perdagangan Besar dan Eceran, Reparasi Mobil dan Sepeda Motor",2025,Agustus,2067373,Rupiah,180024752074125190
LAMPUNG,Rata-Rata Upah/Gaji Bersih Sebulan Buruh/Karyawan/Pegawai menurut Provinsi dan Lapangan Usaha di 17 Sektor,H Transportasi dan Pergudangan,2025,Februari,2422700,Rupiah,180024752075125189
LAMPUNG,Rata-Rata Upah/Gaji Bersih Sebulan Buruh/Karyawan/Pegawai menurut Provinsi dan Lapangan Usaha di 17 Sektor,H Transportasi dan Pergudangan,2025,Agustus,2945142,Rupiah,180024752075125190
LAMPUNG,Rata-Rata Upah/Gaji Bersih Sebulan Buruh/Karyawan/Pegawai menurut Provinsi dan Lapangan Usaha di 17 Sektor,I Penyediaan Akomodasi dan Makan Minum,2025,Februari,1742375,Rupiah,180024752076125189
LAMPUNG,Rata-Rata Upah/Gaji Bersih Sebulan Buruh/Karyawan/Pegawai menurut Provinsi dan Lapangan Usaha di 17 Sektor,I Penyediaan Akomodasi dan Makan Minum,2025,Agustus,1897151,Rupiah,180024752076125190
LAMPUNG,Rata-Rata Upah/Gaji Bersih Sebulan Buruh/Karyawan/Pegawai menurut Provinsi dan Lapangan Usaha di 17 Sektor,J Informasi dan Komunikasi,2025,Februari,2209425,Rupiah,180024752077125189
LAMPUNG,Rata-Rata Upah/Gaji Bersih Sebulan Buruh/Karyawan/Pegawai menurut Provinsi dan Lapangan Usaha di 17 Sektor,J Informasi dan Komunikasi,2025,Agustus,2458511,Rupiah,180024752077125190
LAMPUNG,Rata-Rata Upah/Gaji Bersih Sebulan Buruh/Karyawan/Pegawai menurut Provinsi dan Lapangan Usaha di 17 Sektor,K Jasa Keuangan dan Asuransi,2025,Februari,3843756,Rupiah,180024752078125189
LAMPUNG,Rata-Rata Upah/Gaji Bersih Sebulan Buruh/Karyawan/Pegawai menurut Provinsi dan Lapangan Usaha di 17 Sektor,K Jasa Keuangan dan Asuransi,2025,Agustus,4054197,Rupiah,180024752078125190
LAMPUNG,Rata-Rata Upah/Gaji Bersih Sebulan Buruh/Karyawan/Pegawai menurut Provinsi dan Lapangan Usaha di 17 Sektor,L Real Estate,2025,Agustus,2635600,Rupiah,180024752079125190
LAMPUNG,Rata-Rata Upah/Gaji Bersih Sebulan Buruh/Karyawan/Pegawai menurut Provinsi dan Lapangan Usaha di 17 Sektor,"M,N Jasa Perusahaan",2025,Februari,2797649,Rupiah,180024752080125189
LAMPUNG,Rata-Rata Upah/Gaji Bersih Sebulan Buruh/Karyawan/Pegawai menurut Provinsi dan Lapangan Usaha di 17 Sektor,"M,N Jasa Perusahaan",2025,Agustus,2332184,Rupiah,180024752080125190
LAMPUNG,Rata-Rata Upah/Gaji Bersih Sebulan Buruh/Karyawan/Pegawai menurut Provinsi dan Lapangan Usaha di 17 Sektor,"O Administrasi Pemerintahan, Pertahanan dan Jaminan Sosial Wajib",2025,Februari,3262600,Rupiah,180024752081125189
LAMPUNG,Rata-Rata Upah/Gaji Bersih Sebulan Buruh/Karyawan/Pegawai menurut Provinsi dan Lapangan Usaha di 17 Sektor,"O Administrasi Pemerintahan, Pertahanan dan Jaminan Sosial Wajib",2025,Agustus,4027295,Rupiah,180024752081125190
LAMPUNG,Rata-Rata Upah/Gaji Bersih Sebulan Buruh/Karyawan/Pegawai menurut Provinsi dan Lapangan Usaha di 17 Sektor,P Jasa Pendidikan,2025,Februari,2276268,Rupiah,180024752082125189
LAMPUNG,Rata-Rata Upah/Gaji Bersih Sebulan Buruh/Karyawan/Pegawai menurut Provinsi dan Lapangan Usaha di 17 Sektor,P Jasa Pendidikan,2025,Agustus,2522803,Rupiah,180024752082125190
LAMPUNG,Rata-Rata Upah/Gaji Bersih Sebulan Buruh/Karyawan/Pegawai menurut Provinsi dan Lapangan Usaha di 17 Sektor,Q Jasa Kesehatan dan Kegiatan Sosial,2025,Februari,2550776,Rupiah,180024752083125189
LAMPUNG,Rata-Rata Upah/Gaji Bersih Sebulan Buruh/Karyawan/Pegawai menurut Provinsi dan Lapangan Usaha di 17 Sektor,Q Jasa Kesehatan dan Kegiatan Sosial,2025,Agustus,2615104,Rupiah,180024752083125190
LAMPUNG,Rata-Rata Upah/Gaji Bersih Sebulan Buruh/Karyawan/Pegawai menurut Provinsi dan Lapangan Usaha di 17 Sektor,"R,S,T,U Jasa Lainnya",2025,Februari,1379327,Rupiah,180024752084125189
LAMPUNG,Rata-Rata Upah/Gaji Bersih Sebulan Buruh/Karyawan/Pegawai menurut Provinsi dan Lapangan Usaha di 17 Sektor,"R,S,T,U Jasa Lainnya",2025,Agustus,1606989,Rupiah,180024752084125190
LAMPUNG,Rata-Rata Upah/Gaji Bersih Sebulan Buruh/Karyawan/Pegawai menurut Provinsi dan Lapangan Usaha di 17 Sektor,Total,2025,Februari,2320932,Rupiah,180024752085125189
LAMPUNG,Rata-Rata Upah/Gaji Bersih Sebulan Buruh/Karyawan/Pegawai menurut Provinsi dan Lapangan Usaha di 17 Sektor,Total,2025,Agustus,2520619,Rupiah,180024752085125190
KEP. BANGKA BELITUNG,Rata-Rata Upah/Gaji Bersih Sebulan Buruh/Karyawan/Pegawai menurut Provinsi dan Lapangan Usaha di 17 Sektor,"A Pertanian, Kehutanan dan Perikanan",2025,Februari,3026590,Rupiah,190024752068125189
KEP. BANGKA BELITUNG,Rata-Rata Upah/Gaji Bersih Sebulan Buruh/Karyawan/Pegawai menurut Provinsi dan Lapangan Usaha di 17 Sektor,"A Pertanian, Kehutanan dan Perikanan",2025,Agustus,2930892,Rupiah,190024752068125190
KEP. BANGKA BELITUNG,Rata-Rata Upah/Gaji Bersih Sebulan Buruh/Karyawan/Pegawai menurut Provinsi dan Lapangan Usaha di 17 Sektor,B Pertambangan dan Penggalian,2025,Februari,3548486,Rupiah,190024752069125189
KEP. BANGKA BELITUNG,Rata-Rata Upah/Gaji Bersih Sebulan Buruh/Karyawan/Pegawai menurut Provinsi dan Lapangan Usaha di 17 Sektor,B Pertambangan dan Penggalian,2025,Agustus,3042497,Rupiah,190024752069125190
KEP. BANGKA BELITUNG,Rata-Rata Upah/Gaji Bersih Sebulan Buruh/Karyawan/Pegawai menurut Provinsi dan Lapangan Usaha di 17 Sektor,C Industri Pengolahan,2025,Februari,2680885,Rupiah,190024752070125189
KEP. BANGKA BELITUNG,Rata-Rata Upah/Gaji Bersih Sebulan Buruh/Karyawan/Pegawai menurut Provinsi dan Lapangan Usaha di 17 Sektor,C Industri Pengolahan,2025,Agustus,3180123,Rupiah,190024752070125190
KEP. BANGKA BELITUNG,Rata-Rata Upah/Gaji Bersih Sebulan Buruh/Karyawan/Pegawai menurut Provinsi dan Lapangan Usaha di 17 Sektor,D Pengadaan Listrik dan Gas,2025,Februari,4969135,Rupiah,190024752071125189
KEP. BANGKA BELITUNG,Rata-Rata Upah/Gaji Bersih Sebulan Buruh/Karyawan/Pegawai menurut Provinsi dan Lapangan Usaha di 17 Sektor,D Pengadaan Listrik dan Gas,2025,Agustus,5099572,Rupiah,190024752071125190
KEP. BANGKA BELITUNG,Rata-Rata Upah/Gaji Bersih Sebulan Buruh/Karyawan/Pegawai menurut Provinsi dan Lapangan Usaha di 17 Sektor,"E Pengadaan Air, Pengelolaan Sampah, Limbah dan Daur Ulang",2025,Februari,2185000,Rupiah,190024752072125189
KEP. BANGKA BELITUNG,Rata-Rata Upah/Gaji Bersih Sebulan Buruh/Karyawan/Pegawai menurut Provinsi dan Lapangan Usaha di 17 Sektor,"E Pengadaan Air, Pengelolaan Sampah, Limbah dan Daur Ulang",2025,Agustus,4299928,Rupiah,190024752072125190
KEP. BANGKA BELITUNG,Rata-Rata Upah/Gaji Bersih Sebulan Buruh/Karyawan/Pegawai menurut Provinsi dan Lapangan Usaha di 17 Sektor,F Konstruksi,2025,Februari,3109408,Rupiah,190024752073125189
KEP. BANGKA BELITUNG,Rata-Rata Upah/Gaji Bersih Sebulan Buruh/Karyawan/Pegawai menurut Provinsi dan Lapangan Usaha di 17 Sektor,F Konstruksi,2025,Agustus,3165238,Rupiah,190024752073125190
KEP. BANGKA BELITUNG,Rata-Rata Upah/Gaji Bersih Sebulan Buruh/Karyawan/Pegawai menurut Provinsi dan Lapangan Usaha di 17 Sektor,"G Perdagangan Besar dan Eceran, Reparasi Mobil dan Sepeda Motor",2025,Februari,2759839,Rupiah,190024752074125189
KEP. BANGKA BELITUNG,Rata-Rata Upah/Gaji Bersih Sebulan Buruh/Karyawan/Pegawai menurut Provinsi dan Lapangan Usaha di 17 Sektor,"G Perdagangan Besar dan Eceran, Reparasi Mobil dan Sepeda Motor",2025,Agustus,2702944,Rupiah,190024752074125190
KEP. BANGKA BELITUNG,Rata-Rata Upah/Gaji Bersih Sebulan Buruh/Karyawan/Pegawai menurut Provinsi dan Lapangan Usaha di 17 Sektor,H Transportasi dan Pergudangan,2025,Februari,3376651,Rupiah,190024752075125189
KEP. BANGKA BELITUNG,Rata-Rata Upah/Gaji Bersih Sebulan Buruh/Karyawan/Pegawai menurut Provinsi dan Lapangan Usaha di 17 Sektor,H Transportasi dan Pergudangan,2025,Agustus,3435014,Rupiah,190024752075125190
KEP. BANGKA BELITUNG,Rata-Rata Upah/Gaji Bersih Sebulan Buruh/Karyawan/Pegawai menurut Provinsi dan Lapangan Usaha di 17 Sektor,I Penyediaan Akomodasi dan Makan Minum,2025,Februari,2425171,Rupiah,190024752076125189
KEP. BANGKA BELITUNG,Rata-Rata Upah/Gaji Bersih Sebulan Buruh/Karyawan/Pegawai menurut Provinsi dan Lapangan Usaha di 17 Sektor,I Penyediaan Akomodasi dan Makan Minum,2025,Agustus,2204082,Rupiah,190024752076125190
KEP. BANGKA BELITUNG,Rata-Rata Upah/Gaji Bersih Sebulan Buruh/Karyawan/Pegawai menurut Provinsi dan Lapangan Usaha di 17 Sektor,J Informasi dan Komunikasi,2025,Februari,2659890,Rupiah,190024752077125189
KEP. BANGKA BELITUNG,Rata-Rata Upah/Gaji Bersih Sebulan Buruh/Karyawan/Pegawai menurut Provinsi dan Lapangan Usaha di 17 Sektor,J Informasi dan Komunikasi,2025,Agustus,2388889,Rupiah,190024752077125190
KEP. BANGKA BELITUNG,Rata-Rata Upah/Gaji Bersih Sebulan Buruh/Karyawan/Pegawai menurut Provinsi dan Lapangan Usaha di 17 Sektor,K Jasa Keuangan dan Asuransi,2025,Februari,3614653,Rupiah,190024752078125189
KEP. BANGKA BELITUNG,Rata-Rata Upah/Gaji Bersih Sebulan Buruh/Karyawan/Pegawai menurut Provinsi dan Lapangan Usaha di 17 Sektor,K Jasa Keuangan dan Asuransi,2025,Agustus,4260228,Rupiah,190024752078125190
KEP. BANGKA BELITUNG,Rata-Rata Upah/Gaji Bersih Sebulan Buruh/Karyawan/Pegawai menurut Provinsi dan Lapangan Usaha di 17 Sektor,L Real Estate,2025,Februari,3715990,Rupiah,190024752079125189
KEP. BANGKA BELITUNG,Rata-Rata Upah/Gaji Bersih Sebulan Buruh/Karyawan/Pegawai menurut Provinsi dan Lapangan Usaha di 17 Sektor,"M,N Jasa Perusahaan",2025,Februari,3111598,Rupiah,190024752080125189
KEP. BANGKA BELITUNG,Rata-Rata Upah/Gaji Bersih Sebulan Buruh/Karyawan/Pegawai menurut Provinsi dan Lapangan Usaha di 17 Sektor,"M,N Jasa Perusahaan",2025,Agustus,4325847,Rupiah,190024752080125190
KEP. BANGKA BELITUNG,Rata-Rata Upah/Gaji Bersih Sebulan Buruh/Karyawan/Pegawai menurut Provinsi dan Lapangan Usaha di 17 Sektor,"O Administrasi Pemerintahan, Pertahanan dan Jaminan Sosial Wajib",2025,Februari,4335639,Rupiah,190024752081125189
KEP. BANGKA BELITUNG,Rata-Rata Upah/Gaji Bersih Sebulan Buruh/Karyawan/Pegawai menurut Provinsi dan Lapangan Usaha di 17 Sektor,"O Administrasi Pemerintahan, Pertahanan dan Jaminan Sosial Wajib",2025,Agustus,4299944,Rupiah,190024752081125190
KEP. BANGKA BELITUNG,Rata-Rata Upah/Gaji Bersih Sebulan Buruh/Karyawan/Pegawai menurut Provinsi dan Lapangan Usaha di 17 Sektor,P Jasa Pendidikan,2025,Februari,2980886,Rupiah,190024752082125189
KEP. BANGKA BELITUNG,Rata-Rata Upah/Gaji Bersih Sebulan Buruh/Karyawan/Pegawai menurut Provinsi dan Lapangan Usaha di 17 Sektor,P Jasa Pendidikan,2025,Agustus,3439069,Rupiah,190024752082125190
KEP. BANGKA BELITUNG,Rata-Rata Upah/Gaji Bersih Sebulan Buruh/Karyawan/Pegawai menurut Provinsi dan Lapangan Usaha di 17 Sektor,Q Jasa Kesehatan dan Kegiatan Sosial,2025,Februari,3589044,Rupiah,190024752083125189
KEP. BANGKA BELITUNG,Rata-Rata Upah/Gaji Bersih Sebulan Buruh/Karyawan/Pegawai menurut Provinsi dan Lapangan Usaha di 17 Sektor,Q Jasa Kesehatan dan Kegiatan Sosial,2025,Agustus,3254135,Rupiah,190024752083125190
KEP. BANGKA BELITUNG,Rata-Rata Upah/Gaji Bersih Sebulan Buruh/Karyawan/Pegawai menurut Provinsi dan Lapangan Usaha di 17 Sektor,"R,S,T,U Jasa Lainnya",2025,Februari,1587708,Rupiah,190024752084125189
KEP. BANGKA BELITUNG,Rata-Rata Upah/Gaji Bersih Sebulan Buruh/Karyawan/Pegawai menurut Provinsi dan Lapangan Usaha di 17 Sektor,"R,S,T,U Jasa Lainnya",2025,Agustus,1599358,Rupiah,190024752084125190
KEP. BANGKA BELITUNG,Rata-Rata Upah/Gaji Bersih Sebulan Buruh/Karyawan/Pegawai menurut Provinsi dan Lapangan Usaha di 17 Sektor,Total,2025,Februari,3155887,Rupiah,190024752085125189
KEP. BANGKA BELITUNG,Rata-Rata Upah/Gaji Bersih Sebulan Buruh/Karyawan/Pegawai menurut Provinsi dan Lapangan Usaha di 17 Sektor,Total,2025,Agustus,3202690,Rupiah,190024752085125190
KEP. RIAU,Rata-Rata Upah/Gaji Bersih Sebulan Buruh/Karyawan/Pegawai menurut Provinsi dan Lapangan Usaha di 17 Sektor,"A Pertanian, Kehutanan dan Perikanan",2025,Februari,3232740,Rupiah,210024752068125189
KEP. RIAU,Rata-Rata Upah/Gaji Bersih Sebulan Buruh/Karyawan/Pegawai menurut Provinsi dan Lapangan Usaha di 17 Sektor,"A Pertanian, Kehutanan dan Perikanan",2025,Agustus,2827558,Rupiah,210024752068125190
KEP. RIAU,Rata-Rata Upah/Gaji Bersih Sebulan Buruh/Karyawan/Pegawai menurut Provinsi dan Lapangan Usaha di 17 Sektor,B Pertambangan dan Penggalian,2025,Februari,11567732,Rupiah,210024752069125189
KEP. RIAU,Rata-Rata Upah/Gaji Bersih Sebulan Buruh/Karyawan/Pegawai menurut Provinsi dan Lapangan Usaha di 17 Sektor,B Pertambangan dan Penggalian,2025,Agustus,5631004,Rupiah,210024752069125190
KEP. RIAU,Rata-Rata Upah/Gaji Bersih Sebulan Buruh/Karyawan/Pegawai menurut Provinsi dan Lapangan Usaha di 17 Sektor,C Industri Pengolahan,2025,Februari,6354518,Rupiah,210024752070125189
KEP. RIAU,Rata-Rata Upah/Gaji Bersih Sebulan Buruh/Karyawan/Pegawai menurut Provinsi dan Lapangan Usaha di 17 Sektor,C Industri Pengolahan,2025,Agustus,5621443,Rupiah,210024752070125190
KEP. RIAU,Rata-Rata Upah/Gaji Bersih Sebulan Buruh/Karyawan/Pegawai menurut Provinsi dan Lapangan Usaha di 17 Sektor,D Pengadaan Listrik dan Gas,2025,Februari,5734975,Rupiah,210024752071125189
KEP. RIAU,Rata-Rata Upah/Gaji Bersih Sebulan Buruh/Karyawan/Pegawai menurut Provinsi dan Lapangan Usaha di 17 Sektor,D Pengadaan Listrik dan Gas,2025,Agustus,5516969,Rupiah,210024752071125190
KEP. RIAU,Rata-Rata Upah/Gaji Bersih Sebulan Buruh/Karyawan/Pegawai menurut Provinsi dan Lapangan Usaha di 17 Sektor,"E Pengadaan Air, Pengelolaan Sampah, Limbah dan Daur Ulang",2025,Februari,3044892,Rupiah,210024752072125189
KEP. RIAU,Rata-Rata Upah/Gaji Bersih Sebulan Buruh/Karyawan/Pegawai menurut Provinsi dan Lapangan Usaha di 17 Sektor,"E Pengadaan Air, Pengelolaan Sampah, Limbah dan Daur Ulang",2025,Agustus,4519622,Rupiah,210024752072125190
KEP. RIAU,Rata-Rata Upah/Gaji Bersih Sebulan Buruh/Karyawan/Pegawai menurut Provinsi dan Lapangan Usaha di 17 Sektor,F Konstruksi,2025,Februari,3827420,Rupiah,210024752073125189
KEP. RIAU,Rata-Rata Upah/Gaji Bersih Sebulan Buruh/Karyawan/Pegawai menurut Provinsi dan Lapangan Usaha di 17 Sektor,F Konstruksi,2025,Agustus,3955038,Rupiah,210024752073125190
KEP. RIAU,Rata-Rata Upah/Gaji Bersih Sebulan Buruh/Karyawan/Pegawai menurut Provinsi dan Lapangan Usaha di 17 Sektor,"G Perdagangan Besar dan Eceran, Reparasi Mobil dan Sepeda Motor",2025,Februari,3778517,Rupiah,210024752074125189
KEP. RIAU,Rata-Rata Upah/Gaji Bersih Sebulan Buruh/Karyawan/Pegawai menurut Provinsi dan Lapangan Usaha di 17 Sektor,"G Perdagangan Besar dan Eceran, Reparasi Mobil dan Sepeda Motor",2025,Agustus,3784737,Rupiah,210024752074125190
KEP. RIAU,Rata-Rata Upah/Gaji Bersih Sebulan Buruh/Karyawan/Pegawai menurut Provinsi dan Lapangan Usaha di 17 Sektor,H Transportasi dan Pergudangan,2025,Februari,4809589,Rupiah,210024752075125189
KEP. RIAU,Rata-Rata Upah/Gaji Bersih Sebulan Buruh/Karyawan/Pegawai menurut Provinsi dan Lapangan Usaha di 17 Sektor,H Transportasi dan Pergudangan,2025,Agustus,6708643,Rupiah,210024752075125190
KEP. RIAU,Rata-Rata Upah/Gaji Bersih Sebulan Buruh/Karyawan/Pegawai menurut Provinsi dan Lapangan Usaha di 17 Sektor,I Penyediaan Akomodasi dan Makan Minum,2025,Februari,3459829,Rupiah,210024752076125189
KEP. RIAU,Rata-Rata Upah/Gaji Bersih Sebulan Buruh/Karyawan/Pegawai menurut Provinsi dan Lapangan Usaha di 17 Sektor,I Penyediaan Akomodasi dan Makan Minum,2025,Agustus,3365723,Rupiah,210024752076125190
KEP. RIAU,Rata-Rata Upah/Gaji Bersih Sebulan Buruh/Karyawan/Pegawai menurut Provinsi dan Lapangan Usaha di 17 Sektor,J Informasi dan Komunikasi,2025,Februari,3708638,Rupiah,210024752077125189
KEP. RIAU,Rata-Rata Upah/Gaji Bersih Sebulan Buruh/Karyawan/Pegawai menurut Provinsi dan Lapangan Usaha di 17 Sektor,J Informasi dan Komunikasi,2025,Agustus,4364916,Rupiah,210024752077125190
KEP. RIAU,Rata-Rata Upah/Gaji Bersih Sebulan Buruh/Karyawan/Pegawai menurut Provinsi dan Lapangan Usaha di 17 Sektor,K Jasa Keuangan dan Asuransi,2025,Februari,5889212,Rupiah,210024752078125189
KEP. RIAU,Rata-Rata Upah/Gaji Bersih Sebulan Buruh/Karyawan/Pegawai menurut Provinsi dan Lapangan Usaha di 17 Sektor,K Jasa Keuangan dan Asuransi,2025,Agustus,6914295,Rupiah,210024752078125190
KEP. RIAU,Rata-Rata Upah/Gaji Bersih Sebulan Buruh/Karyawan/Pegawai menurut Provinsi dan Lapangan Usaha di 17 Sektor,L Real Estate,2025,Februari,4404260,Rupiah,210024752079125189
KEP. RIAU,Rata-Rata Upah/Gaji Bersih Sebulan Buruh/Karyawan/Pegawai menurut Provinsi dan Lapangan Usaha di 17 Sektor,L Real Estate,2025,Agustus,4596304,Rupiah,210024752079125190
KEP. RIAU,Rata-Rata Upah/Gaji Bersih Sebulan Buruh/Karyawan/Pegawai menurut Provinsi dan Lapangan Usaha di 17 Sektor,"M,N Jasa Perusahaan",2025,Februari,3921029,Rupiah,210024752080125189
KEP. RIAU,Rata-Rata Upah/Gaji Bersih Sebulan Buruh/Karyawan/Pegawai menurut Provinsi dan Lapangan Usaha di 17 Sektor,"M,N Jasa Perusahaan",2025,Agustus,4297690,Rupiah,210024752080125190
KEP. RIAU,Rata-Rata Upah/Gaji Bersih Sebulan Buruh/Karyawan/Pegawai menurut Provinsi dan Lapangan Usaha di 17 Sektor,"O Administrasi Pemerintahan, Pertahanan dan Jaminan Sosial Wajib",2025,Februari,4746871,Rupiah,210024752081125189
KEP. RIAU,Rata-Rata Upah/Gaji Bersih Sebulan Buruh/Karyawan/Pegawai menurut Provinsi dan Lapangan Usaha di 17 Sektor,"O Administrasi Pemerintahan, Pertahanan dan Jaminan Sosial Wajib",2025,Agustus,5633633,Rupiah,210024752081125190
KEP. RIAU,Rata-Rata Upah/Gaji Bersih Sebulan Buruh/Karyawan/Pegawai menurut Provinsi dan Lapangan Usaha di 17 Sektor,P Jasa Pendidikan,2025,Februari,3805259,Rupiah,210024752082125189
KEP. RIAU,Rata-Rata Upah/Gaji Bersih Sebulan Buruh/Karyawan/Pegawai menurut Provinsi dan Lapangan Usaha di 17 Sektor,P Jasa Pendidikan,2025,Agustus,3503486,Rupiah,210024752082125190
KEP. RIAU,Rata-Rata Upah/Gaji Bersih Sebulan Buruh/Karyawan/Pegawai menurut Provinsi dan Lapangan Usaha di 17 Sektor,Q Jasa Kesehatan dan Kegiatan Sosial,2025,Februari,4889051,Rupiah,210024752083125189
KEP. RIAU,Rata-Rata Upah/Gaji Bersih Sebulan Buruh/Karyawan/Pegawai menurut Provinsi dan Lapangan Usaha di 17 Sektor,Q Jasa Kesehatan dan Kegiatan Sosial,2025,Agustus,5858398,Rupiah,210024752083125190
KEP. RIAU,Rata-Rata Upah/Gaji Bersih Sebulan Buruh/Karyawan/Pegawai menurut Provinsi dan Lapangan Usaha di 17 Sektor,"R,S,T,U Jasa Lainnya",2025,Februari,2210538,Rupiah,210024752084125189
KEP. RIAU,Rata-Rata Upah/Gaji Bersih Sebulan Buruh/Karyawan/Pegawai menurut Provinsi dan Lapangan Usaha di 17 Sektor,"R,S,T,U Jasa Lainnya",2025,Agustus,3098675,Rupiah,210024752084125190
KEP. RIAU,Rata-Rata Upah/Gaji Bersih Sebulan Buruh/Karyawan/Pegawai menurut Provinsi dan Lapangan Usaha di 17 Sektor,Total,2025,Februari,4741492,Rupiah,210024752085125189
KEP. RIAU,Rata-Rata Upah/Gaji Bersih Sebulan Buruh/Karyawan/Pegawai menurut Provinsi dan Lapangan Usaha di 17 Sektor,Total,2025,Agustus,4768990,Rupiah,210024752085125190
DKI JAKARTA,Rata-Rata Upah/Gaji Bersih Sebulan Buruh/Karyawan/Pegawai menurut Provinsi dan Lapangan Usaha di 17 Sektor,"A Pertanian, Kehutanan dan Perikanan",2025,Agustus,3176242,Rupiah,310024752068125190
DKI JAKARTA,Rata-Rata Upah/Gaji Bersih Sebulan Buruh/Karyawan/Pegawai menurut Provinsi dan Lapangan Usaha di 17 Sektor,B Pertambangan dan Penggalian,2025,Februari,20842176,Rupiah,310024752069125189
DKI JAKARTA,Rata-Rata Upah/Gaji Bersih Sebulan Buruh/Karyawan/Pegawai menurut Provinsi dan Lapangan Usaha di 17 Sektor,B Pertambangan dan Penggalian,2025,Agustus,12607721,Rupiah,310024752069125190
DKI JAKARTA,Rata-Rata Upah/Gaji Bersih Sebulan Buruh/Karyawan/Pegawai menurut Provinsi dan Lapangan Usaha di 17 Sektor,C Industri Pengolahan,2025,Februari,4300416,Rupiah,310024752070125189
DKI JAKARTA,Rata-Rata Upah/Gaji Bersih Sebulan Buruh/Karyawan/Pegawai menurut Provinsi dan Lapangan Usaha di 17 Sektor,C Industri Pengolahan,2025,Agustus,5451117,Rupiah,310024752070125190
DKI JAKARTA,Rata-Rata Upah/Gaji Bersih Sebulan Buruh/Karyawan/Pegawai menurut Provinsi dan Lapangan Usaha di 17 Sektor,D Pengadaan Listrik dan Gas,2025,Februari,7424615,Rupiah,310024752071125189
DKI JAKARTA,Rata-Rata Upah/Gaji Bersih Sebulan Buruh/Karyawan/Pegawai menurut Provinsi dan Lapangan Usaha di 17 Sektor,D Pengadaan Listrik dan Gas,2025,Agustus,6611995,Rupiah,310024752071125190
DKI JAKARTA,Rata-Rata Upah/Gaji Bersih Sebulan Buruh/Karyawan/Pegawai menurut Provinsi dan Lapangan Usaha di 17 Sektor,"E Pengadaan Air, Pengelolaan Sampah, Limbah dan Daur Ulang",2025,Februari,7726039,Rupiah,310024752072125189
DKI JAKARTA,Rata-Rata Upah/Gaji Bersih Sebulan Buruh/Karyawan/Pegawai menurut Provinsi dan Lapangan Usaha di 17 Sektor,"E Pengadaan Air, Pengelolaan Sampah, Limbah dan Daur Ulang",2025,Agustus,4478054,Rupiah,310024752072125190
DKI JAKARTA,Rata-Rata Upah/Gaji Bersih Sebulan Buruh/Karyawan/Pegawai menurut Provinsi dan Lapangan Usaha di 17 Sektor,F Konstruksi,2025,Februari,4471461,Rupiah,310024752073125189
DKI JAKARTA,Rata-Rata Upah/Gaji Bersih Sebulan Buruh/Karyawan/Pegawai menurut Provinsi dan Lapangan Usaha di 17 Sektor,F Konstruksi,2025,Agustus,5899078,Rupiah,310024752073125190
DKI JAKARTA,Rata-Rata Upah/Gaji Bersih Sebulan Buruh/Karyawan/Pegawai menurut Provinsi dan Lapangan Usaha di 17 Sektor,"G Perdagangan Besar dan Eceran, Reparasi Mobil dan Sepeda Motor",2025,Februari,4086015,Rupiah,310024752074125189
DKI JAKARTA,Rata-Rata Upah/Gaji Bersih Sebulan Buruh/Karyawan/Pegawai menurut Provinsi dan Lapangan Usaha di 17 Sektor,"G Perdagangan Besar dan Eceran, Reparasi Mobil dan Sepeda Motor",2025,Agustus,5377298,Rupiah,310024752074125190
DKI JAKARTA,Rata-Rata Upah/Gaji Bersih Sebulan Buruh/Karyawan/Pegawai menurut Provinsi dan Lapangan Usaha di 17 Sektor,H Transportasi dan Pergudangan,2025,Februari,4527338,Rupiah,310024752075125189
DKI JAKARTA,Rata-Rata Upah/Gaji Bersih Sebulan Buruh/Karyawan/Pegawai menurut Provinsi dan Lapangan Usaha di 17 Sektor,H Transportasi dan Pergudangan,2025,Agustus,6071536,Rupiah,310024752075125190
DKI JAKARTA,Rata-Rata Upah/Gaji Bersih Sebulan Buruh/Karyawan/Pegawai menurut Provinsi dan Lapangan Usaha di 17 Sektor,I Penyediaan Akomodasi dan Makan Minum,2025,Februari,3710478,Rupiah,310024752076125189
DKI JAKARTA,Rata-Rata Upah/Gaji Bersih Sebulan Buruh/Karyawan/Pegawai menurut Provinsi dan Lapangan Usaha di 17 Sektor,I Penyediaan Akomodasi dan Makan Minum,2025,Agustus,4495401,Rupiah,310024752076125190
DKI JAKARTA,Rata-Rata Upah/Gaji Bersih Sebulan Buruh/Karyawan/Pegawai menurut Provinsi dan Lapangan Usaha di 17 Sektor,J Informasi dan Komunikasi,2025,Februari,7587938,Rupiah,310024752077125189
DKI JAKARTA,Rata-Rata Upah/Gaji Bersih Sebulan Buruh/Karyawan/Pegawai menurut Provinsi dan Lapangan Usaha di 17 Sektor,J Informasi dan Komunikasi,2025,Agustus,7941786,Rupiah,310024752077125190
DKI JAKARTA,Rata-Rata Upah/Gaji Bersih Sebulan Buruh/Karyawan/Pegawai menurut Provinsi dan Lapangan Usaha di 17 Sektor,K Jasa Keuangan dan Asuransi,2025,Februari,7564045,Rupiah,310024752078125189
DKI JAKARTA,Rata-Rata Upah/Gaji Bersih Sebulan Buruh/Karyawan/Pegawai menurut Provinsi dan Lapangan Usaha di 17 Sektor,K Jasa Keuangan dan Asuransi,2025,Agustus,10039680,Rupiah,310024752078125190
DKI JAKARTA,Rata-Rata Upah/Gaji Bersih Sebulan Buruh/Karyawan/Pegawai menurut Provinsi dan Lapangan Usaha di 17 Sektor,L Real Estate,2025,Februari,3853610,Rupiah,310024752079125189
DKI JAKARTA,Rata-Rata Upah/Gaji Bersih Sebulan Buruh/Karyawan/Pegawai menurut Provinsi dan Lapangan Usaha di 17 Sektor,L Real Estate,2025,Agustus,5184560,Rupiah,310024752079125190
DKI JAKARTA,Rata-Rata Upah/Gaji Bersih Sebulan Buruh/Karyawan/Pegawai menurut Provinsi dan Lapangan Usaha di 17 Sektor,"M,N Jasa Perusahaan",2025,Februari,7596216,Rupiah,310024752080125189
DKI JAKARTA,Rata-Rata Upah/Gaji Bersih Sebulan Buruh/Karyawan/Pegawai menurut Provinsi dan Lapangan Usaha di 17 Sektor,"M,N Jasa Perusahaan",2025,Agustus,7721738,Rupiah,310024752080125190
DKI JAKARTA,Rata-Rata Upah/Gaji Bersih Sebulan Buruh/Karyawan/Pegawai menurut Provinsi dan Lapangan Usaha di 17 Sektor,"O Administrasi Pemerintahan, Pertahanan dan Jaminan Sosial Wajib",2025,Februari,5367176,Rupiah,310024752081125189
DKI JAKARTA,Rata-Rata Upah/Gaji Bersih Sebulan Buruh/Karyawan/Pegawai menurut Provinsi dan Lapangan Usaha di 17 Sektor,"O Administrasi Pemerintahan, Pertahanan dan Jaminan Sosial Wajib",2025,Agustus,7552802,Rupiah,310024752081125190
DKI JAKARTA,Rata-Rata Upah/Gaji Bersih Sebulan Buruh/Karyawan/Pegawai menurut Provinsi dan Lapangan Usaha di 17 Sektor,P Jasa Pendidikan,2025,Februari,5447000,Rupiah,310024752082125189
DKI JAKARTA,Rata-Rata Upah/Gaji Bersih Sebulan Buruh/Karyawan/Pegawai menurut Provinsi dan Lapangan Usaha di 17 Sektor,P Jasa Pendidikan,2025,Agustus,5353976,Rupiah,310024752082125190
DKI JAKARTA,Rata-Rata Upah/Gaji Bersih Sebulan Buruh/Karyawan/Pegawai menurut Provinsi dan Lapangan Usaha di 17 Sektor,Q Jasa Kesehatan dan Kegiatan Sosial,2025,Februari,6666567,Rupiah,310024752083125189
DKI JAKARTA,Rata-Rata Upah/Gaji Bersih Sebulan Buruh/Karyawan/Pegawai menurut Provinsi dan Lapangan Usaha di 17 Sektor,Q Jasa Kesehatan dan Kegiatan Sosial,2025,Agustus,7655295,Rupiah,310024752083125190
DKI JAKARTA,Rata-Rata Upah/Gaji Bersih Sebulan Buruh/Karyawan/Pegawai menurut Provinsi dan Lapangan Usaha di 17 Sektor,"R,S,T,U Jasa Lainnya",2025,Februari,2560843,Rupiah,310024752084125189
DKI JAKARTA,Rata-Rata Upah/Gaji Bersih Sebulan Buruh/Karyawan/Pegawai menurut Provinsi dan Lapangan Usaha di 17 Sektor,"R,S,T,U Jasa Lainnya",2025,Agustus,3227556,Rupiah,310024752084125190
DKI JAKARTA,Rata-Rata Upah/Gaji Bersih Sebulan Buruh/Karyawan/Pegawai menurut Provinsi dan Lapangan Usaha di 17 Sektor,Total,2025,Februari,4878943,Rupiah,310024752085125189
DKI JAKARTA,Rata-Rata Upah/Gaji Bersih Sebulan Buruh/Karyawan/Pegawai menurut Provinsi dan Lapangan Usaha di 17 Sektor,Total,2025,Agustus,5903603,Rupiah,310024752085125190
JAWA BARAT,Rata-Rata Upah/Gaji Bersih Sebulan Buruh/Karyawan/Pegawai menurut Provinsi dan Lapangan Usaha di 17 Sektor,"A Pertanian, Kehutanan dan Perikanan",2025,Februari,1682564,Rupiah,320024752068125189
JAWA BARAT,Rata-Rata Upah/Gaji Bersih Sebulan Buruh/Karyawan/Pegawai menurut Provinsi dan Lapangan Usaha di 17 Sektor,"A Pertanian, Kehutanan dan Perikanan",2025,Agustus,2311490,Rupiah,320024752068125190
JAWA BARAT,Rata-Rata Upah/Gaji Bersih Sebulan Buruh/Karyawan/Pegawai menurut Provinsi dan Lapangan Usaha di 17 Sektor,B Pertambangan dan Penggalian,2025,Februari,3203262,Rupiah,320024752069125189
JAWA BARAT,Rata-Rata Upah/Gaji Bersih Sebulan Buruh/Karyawan/Pegawai menurut Provinsi dan Lapangan Usaha di 17 Sektor,B Pertambangan dan Penggalian,2025,Agustus,5408297,Rupiah,320024752069125190
JAWA BARAT,Rata-Rata Upah/Gaji Bersih Sebulan Buruh/Karyawan/Pegawai menurut Provinsi dan Lapangan Usaha di 17 Sektor,C Industri Pengolahan,2025,Februari,3538972,Rupiah,320024752070125189
JAWA BARAT,Rata-Rata Upah/Gaji Bersih Sebulan Buruh/Karyawan/Pegawai menurut Provinsi dan Lapangan Usaha di 17 Sektor,C Industri Pengolahan,2025,Agustus,3840081,Rupiah,320024752070125190
JAWA BARAT,Rata-Rata Upah/Gaji Bersih Sebulan Buruh/Karyawan/Pegawai menurut Provinsi dan Lapangan Usaha di 17 Sektor,D Pengadaan Listrik dan Gas,2025,Februari,5744939,Rupiah,320024752071125189
JAWA BARAT,Rata-Rata Upah/Gaji Bersih Sebulan Buruh/Karyawan/Pegawai menurut Provinsi dan Lapangan Usaha di 17 Sektor,D Pengadaan Listrik dan Gas,2025,Agustus,5968497,Rupiah,320024752071125190
JAWA BARAT,Rata-Rata Upah/Gaji Bersih Sebulan Buruh/Karyawan/Pegawai menurut Provinsi dan Lapangan Usaha di 17 Sektor,"E Pengadaan Air, Pengelolaan Sampah, Limbah dan Daur Ulang",2025,Februari,3298231,Rupiah,320024752072125189
JAWA BARAT,Rata-Rata Upah/Gaji Bersih Sebulan Buruh/Karyawan/Pegawai menurut Provinsi dan Lapangan Usaha di 17 Sektor,"E Pengadaan Air, Pengelolaan Sampah, Limbah dan Daur Ulang",2025,Agustus,3011101,Rupiah,320024752072125190
JAWA BARAT,Rata-Rata Upah/Gaji Bersih Sebulan Buruh/Karyawan/Pegawai menurut Provinsi dan Lapangan Usaha di 17 Sektor,F Konstruksi,2025,Februari,3237564,Rupiah,320024752073125189
JAWA BARAT,Rata-Rata Upah/Gaji Bersih Sebulan Buruh/Karyawan/Pegawai menurut Provinsi dan Lapangan Usaha di 17 Sektor,F Konstruksi,2025,Agustus,3618117,Rupiah,320024752073125190
JAWA BARAT,Rata-Rata Upah/Gaji Bersih Sebulan Buruh/Karyawan/Pegawai menurut Provinsi dan Lapangan Usaha di 17 Sektor,"G Perdagangan Besar dan Eceran, Reparasi Mobil dan Sepeda Motor",2025,Februari,2971218,Rupiah,320024752074125189
JAWA BARAT,Rata-Rata Upah/Gaji Bersih Sebulan Buruh/Karyawan/Pegawai menurut Provinsi dan Lapangan Usaha di 17 Sektor,"G Perdagangan Besar dan Eceran, Reparasi Mobil dan Sepeda Motor",2025,Agustus,3173170,Rupiah,320024752074125190
JAWA BARAT,Rata-Rata Upah/Gaji Bersih Sebulan Buruh/Karyawan/Pegawai menurut Provinsi dan Lapangan Usaha di 17 Sektor,H Transportasi dan Pergudangan,2025,Februari,3573027,Rupiah,320024752075125189
JAWA BARAT,Rata-Rata Upah/Gaji Bersih Sebulan Buruh/Karyawan/Pegawai menurut Provinsi dan Lapangan Usaha di 17 Sektor,H Transportasi dan Pergudangan,2025,Agustus,4144585,Rupiah,320024752075125190
JAWA BARAT,Rata-Rata Upah/Gaji Bersih Sebulan Buruh/Karyawan/Pegawai menurut Provinsi dan Lapangan Usaha di 17 Sektor,I Penyediaan Akomodasi dan Makan Minum,2025,Februari,2312663,Rupiah,320024752076125189
JAWA BARAT,Rata-Rata Upah/Gaji Bersih Sebulan Buruh/Karyawan/Pegawai menurut Provinsi dan Lapangan Usaha di 17 Sektor,I Penyediaan Akomodasi dan Makan Minum,2025,Agustus,2670491,Rupiah,320024752076125190
JAWA BARAT,Rata-Rata Upah/Gaji Bersih Sebulan Buruh/Karyawan/Pegawai menurut Provinsi dan Lapangan Usaha di 17 Sektor,J Informasi dan Komunikasi,2025,Februari,4810003,Rupiah,320024752077125189
JAWA BARAT,Rata-Rata Upah/Gaji Bersih Sebulan Buruh/Karyawan/Pegawai menurut Provinsi dan Lapangan Usaha di 17 Sektor,J Informasi dan Komunikasi,2025,Agustus,7551765,Rupiah,320024752077125190
JAWA BARAT,Rata-Rata Upah/Gaji Bersih Sebulan Buruh/Karyawan/Pegawai menurut Provinsi dan Lapangan Usaha di 17 Sektor,K Jasa Keuangan dan Asuransi,2025,Februari,5850895,Rupiah,320024752078125189
JAWA BARAT,Rata-Rata Upah/Gaji Bersih Sebulan Buruh/Karyawan/Pegawai menurut Provinsi dan Lapangan Usaha di 17 Sektor,K Jasa Keuangan dan Asuransi,2025,Agustus,5924246,Rupiah,320024752078125190
JAWA BARAT,Rata-Rata Upah/Gaji Bersih Sebulan Buruh/Karyawan/Pegawai menurut Provinsi dan Lapangan Usaha di 17 Sektor,L Real Estate,2025,Februari,5901580,Rupiah,320024752079125189
JAWA BARAT,Rata-Rata Upah/Gaji Bersih Sebulan Buruh/Karyawan/Pegawai menurut Provinsi dan Lapangan Usaha di 17 Sektor,L Real Estate,2025,Agustus,4846855,Rupiah,320024752079125190
JAWA BARAT,Rata-Rata Upah/Gaji Bersih Sebulan Buruh/Karyawan/Pegawai menurut Provinsi dan Lapangan Usaha di 17 Sektor,"M,N Jasa Perusahaan",2025,Februari,4182863,Rupiah,320024752080125189
JAWA BARAT,Rata-Rata Upah/Gaji Bersih Sebulan Buruh/Karyawan/Pegawai menurut Provinsi dan Lapangan Usaha di 17 Sektor,"M,N Jasa Perusahaan",2025,Agustus,4806483,Rupiah,320024752080125190
JAWA BARAT,Rata-Rata Upah/Gaji Bersih Sebulan Buruh/Karyawan/Pegawai menurut Provinsi dan Lapangan Usaha di 17 Sektor,"O Administrasi Pemerintahan, Pertahanan dan Jaminan Sosial Wajib",2025,Februari,3458991,Rupiah,320024752081125189
JAWA BARAT,Rata-Rata Upah/Gaji Bersih Sebulan Buruh/Karyawan/Pegawai menurut Provinsi dan Lapangan Usaha di 17 Sektor,"O Administrasi Pemerintahan, Pertahanan dan Jaminan Sosial Wajib",2025,Agustus,5657788,Rupiah,320024752081125190
JAWA BARAT,Rata-Rata Upah/Gaji Bersih Sebulan Buruh/Karyawan/Pegawai menurut Provinsi dan Lapangan Usaha di 17 Sektor,P Jasa Pendidikan,2025,Februari,2549236,Rupiah,320024752082125189
JAWA BARAT,Rata-Rata Upah/Gaji Bersih Sebulan Buruh/Karyawan/Pegawai menurut Provinsi dan Lapangan Usaha di 17 Sektor,P Jasa Pendidikan,2025,Agustus,3355204,Rupiah,320024752082125190
JAWA BARAT,Rata-Rata Upah/Gaji Bersih Sebulan Buruh/Karyawan/Pegawai menurut Provinsi dan Lapangan Usaha di 17 Sektor,Q Jasa Kesehatan dan Kegiatan Sosial,2025,Februari,4575298,Rupiah,320024752083125189
JAWA BARAT,Rata-Rata Upah/Gaji Bersih Sebulan Buruh/Karyawan/Pegawai menurut Provinsi dan Lapangan Usaha di 17 Sektor,Q Jasa Kesehatan dan Kegiatan Sosial,2025,Agustus,4565203,Rupiah,320024752083125190
JAWA BARAT,Rata-Rata Upah/Gaji Bersih Sebulan Buruh/Karyawan/Pegawai menurut Provinsi dan Lapangan Usaha di 17 Sektor,"R,S,T,U Jasa Lainnya",2025,Februari,1655860,Rupiah,320024752084125189
JAWA BARAT,Rata-Rata Upah/Gaji Bersih Sebulan Buruh/Karyawan/Pegawai menurut Provinsi dan Lapangan Usaha di 17 Sektor,"R,S,T,U Jasa Lainnya",2025,Agustus,1979444,Rupiah,320024752084125190
JAWA BARAT,Rata-Rata Upah/Gaji Bersih Sebulan Buruh/Karyawan/Pegawai menurut Provinsi dan Lapangan Usaha di 17 Sektor,Total,2025,Februari,3258613,Rupiah,320024752085125189
JAWA BARAT,Rata-Rata Upah/Gaji Bersih Sebulan Buruh/Karyawan/Pegawai menurut Provinsi dan Lapangan Usaha di 17 Sektor,Total,2025,Agustus,3768080,Rupiah,320024752085125190
JAWA TENGAH,Rata-Rata Upah/Gaji Bersih Sebulan Buruh/Karyawan/Pegawai menurut Provinsi dan Lapangan Usaha di 17 Sektor,"A Pertanian, Kehutanan dan Perikanan",2025,Februari,2382574,Rupiah,330024752068125189
JAWA TENGAH,Rata-Rata Upah/Gaji Bersih Sebulan Buruh/Karyawan/Pegawai menurut Provinsi dan Lapangan Usaha di 17 Sektor,"A Pertanian, Kehutanan dan Perikanan",2025,Agustus,2499739,Rupiah,330024752068125190
JAWA TENGAH,Rata-Rata Upah/Gaji Bersih Sebulan Buruh/Karyawan/Pegawai menurut Provinsi dan Lapangan Usaha di 17 Sektor,B Pertambangan dan Penggalian,2025,Februari,2431558,Rupiah,330024752069125189
JAWA TENGAH,Rata-Rata Upah/Gaji Bersih Sebulan Buruh/Karyawan/Pegawai menurut Provinsi dan Lapangan Usaha di 17 Sektor,B Pertambangan dan Penggalian,2025,Agustus,3449057,Rupiah,330024752069125190
JAWA TENGAH,Rata-Rata Upah/Gaji Bersih Sebulan Buruh/Karyawan/Pegawai menurut Provinsi dan Lapangan Usaha di 17 Sektor,C Industri Pengolahan,2025,Februari,2165389,Rupiah,330024752070125189
JAWA TENGAH,Rata-Rata Upah/Gaji Bersih Sebulan Buruh/Karyawan/Pegawai menurut Provinsi dan Lapangan Usaha di 17 Sektor,C Industri Pengolahan,2025,Agustus,2235795,Rupiah,330024752070125190
JAWA TENGAH,Rata-Rata Upah/Gaji Bersih Sebulan Buruh/Karyawan/Pegawai menurut Provinsi dan Lapangan Usaha di 17 Sektor,D Pengadaan Listrik dan Gas,2025,Februari,3103467,Rupiah,330024752071125189
JAWA TENGAH,Rata-Rata Upah/Gaji Bersih Sebulan Buruh/Karyawan/Pegawai menurut Provinsi dan Lapangan Usaha di 17 Sektor,D Pengadaan Listrik dan Gas,2025,Agustus,4131346,Rupiah,330024752071125190
JAWA TENGAH,Rata-Rata Upah/Gaji Bersih Sebulan Buruh/Karyawan/Pegawai menurut Provinsi dan Lapangan Usaha di 17 Sektor,"E Pengadaan Air, Pengelolaan Sampah, Limbah dan Daur Ulang",2025,Februari,2558281,Rupiah,330024752072125189
JAWA TENGAH,Rata-Rata Upah/Gaji Bersih Sebulan Buruh/Karyawan/Pegawai menurut Provinsi dan Lapangan Usaha di 17 Sektor,"E Pengadaan Air, Pengelolaan Sampah, Limbah dan Daur Ulang",2025,Agustus,2602009,Rupiah,330024752072125190
JAWA TENGAH,Rata-Rata Upah/Gaji Bersih Sebulan Buruh/Karyawan/Pegawai menurut Provinsi dan Lapangan Usaha di 17 Sektor,F Konstruksi,2025,Februari,2958471,Rupiah,330024752073125189
JAWA TENGAH,Rata-Rata Upah/Gaji Bersih Sebulan Buruh/Karyawan/Pegawai menurut Provinsi dan Lapangan Usaha di 17 Sektor,F Konstruksi,2025,Agustus,2980751,Rupiah,330024752073125190
JAWA TENGAH,Rata-Rata Upah/Gaji Bersih Sebulan Buruh/Karyawan/Pegawai menurut Provinsi dan Lapangan Usaha di 17 Sektor,"G Perdagangan Besar dan Eceran, Reparasi Mobil dan Sepeda Motor",2025,Februari,2007328,Rupiah,330024752074125189
JAWA TENGAH,Rata-Rata Upah/Gaji Bersih Sebulan Buruh/Karyawan/Pegawai menurut Provinsi dan Lapangan Usaha di 17 Sektor,"G Perdagangan Besar dan Eceran, Reparasi Mobil dan Sepeda Motor",2025,Agustus,2075370,Rupiah,330024752074125190
JAWA TENGAH,Rata-Rata Upah/Gaji Bersih Sebulan Buruh/Karyawan/Pegawai menurut Provinsi dan Lapangan Usaha di 17 Sektor,H Transportasi dan Pergudangan,2025,Februari,2848878,Rupiah,330024752075125189
JAWA TENGAH,Rata-Rata Upah/Gaji Bersih Sebulan Buruh/Karyawan/Pegawai menurut Provinsi dan Lapangan Usaha di 17 Sektor,H Transportasi dan Pergudangan,2025,Agustus,3351574,Rupiah,330024752075125190
JAWA TENGAH,Rata-Rata Upah/Gaji Bersih Sebulan Buruh/Karyawan/Pegawai menurut Provinsi dan Lapangan Usaha di 17 Sektor,I Penyediaan Akomodasi dan Makan Minum,2025,Februari,1726184,Rupiah,330024752076125189
JAWA TENGAH,Rata-Rata Upah/Gaji Bersih Sebulan Buruh/Karyawan/Pegawai menurut Provinsi dan Lapangan Usaha di 17 Sektor,I Penyediaan Akomodasi dan Makan Minum,2025,Agustus,1868734,Rupiah,330024752076125190
JAWA TENGAH,Rata-Rata Upah/Gaji Bersih Sebulan Buruh/Karyawan/Pegawai menurut Provinsi dan Lapangan Usaha di 17 Sektor,J Informasi dan Komunikasi,2025,Februari,2343680,Rupiah,330024752077125189
JAWA TENGAH,Rata-Rata Upah/Gaji Bersih Sebulan Buruh/Karyawan/Pegawai menurut Provinsi dan Lapangan Usaha di 17 Sektor,J Informasi dan Komunikasi,2025,Agustus,3023530,Rupiah,330024752077125190
JAWA TENGAH,Rata-Rata Upah/Gaji Bersih Sebulan Buruh/Karyawan/Pegawai menurut Provinsi dan Lapangan Usaha di 17 Sektor,K Jasa Keuangan dan Asuransi,2025,Februari,3528237,Rupiah,330024752078125189
JAWA TENGAH,Rata-Rata Upah/Gaji Bersih Sebulan Buruh/Karyawan/Pegawai menurut Provinsi dan Lapangan Usaha di 17 Sektor,K Jasa Keuangan dan Asuransi,2025,Agustus,3559361,Rupiah,330024752078125190
JAWA TENGAH,Rata-Rata Upah/Gaji Bersih Sebulan Buruh/Karyawan/Pegawai menurut Provinsi dan Lapangan Usaha di 17 Sektor,L Real Estate,2025,Februari,3031181,Rupiah,330024752079125189
JAWA TENGAH,Rata-Rata Upah/Gaji Bersih Sebulan Buruh/Karyawan/Pegawai menurut Provinsi dan Lapangan Usaha di 17 Sektor,L Real Estate,2025,Agustus,2991290,Rupiah,330024752079125190
JAWA TENGAH,Rata-Rata Upah/Gaji Bersih Sebulan Buruh/Karyawan/Pegawai menurut Provinsi dan Lapangan Usaha di 17 Sektor,"M,N Jasa Perusahaan",2025,Februari,2832101,Rupiah,330024752080125189
JAWA TENGAH,Rata-Rata Upah/Gaji Bersih Sebulan Buruh/Karyawan/Pegawai menurut Provinsi dan Lapangan Usaha di 17 Sektor,"M,N Jasa Perusahaan",2025,Agustus,3066931,Rupiah,330024752080125190
JAWA TENGAH,Rata-Rata Upah/Gaji Bersih Sebulan Buruh/Karyawan/Pegawai menurut Provinsi dan Lapangan Usaha di 17 Sektor,"O Administrasi Pemerintahan, Pertahanan dan Jaminan Sosial Wajib",2025,Februari,3993237,Rupiah,330024752081125189
JAWA TENGAH,Rata-Rata Upah/Gaji Bersih Sebulan Buruh/Karyawan/Pegawai menurut Provinsi dan Lapangan Usaha di 17 Sektor,"O Administrasi Pemerintahan, Pertahanan dan Jaminan Sosial Wajib",2025,Agustus,3846065,Rupiah,330024752081125190
JAWA TENGAH,Rata-Rata Upah/Gaji Bersih Sebulan Buruh/Karyawan/Pegawai menurut Provinsi dan Lapangan Usaha di 17 Sektor,P Jasa Pendidikan,2025,Februari,2507285,Rupiah,330024752082125189
JAWA TENGAH,Rata-Rata Upah/Gaji Bersih Sebulan Buruh/Karyawan/Pegawai menurut Provinsi dan Lapangan Usaha di 17 Sektor,P Jasa Pendidikan,2025,Agustus,2574710,Rupiah,330024752082125190
JAWA TENGAH,Rata-Rata Upah/Gaji Bersih Sebulan Buruh/Karyawan/Pegawai menurut Provinsi dan Lapangan Usaha di 17 Sektor,Q Jasa Kesehatan dan Kegiatan Sosial,2025,Februari,2906691,Rupiah,330024752083125189
JAWA TENGAH,Rata-Rata Upah/Gaji Bersih Sebulan Buruh/Karyawan/Pegawai menurut Provinsi dan Lapangan Usaha di 17 Sektor,Q Jasa Kesehatan dan Kegiatan Sosial,2025,Agustus,3348444,Rupiah,330024752083125190
JAWA TENGAH,Rata-Rata Upah/Gaji Bersih Sebulan Buruh/Karyawan/Pegawai menurut Provinsi dan Lapangan Usaha di 17 Sektor,"R,S,T,U Jasa Lainnya",2025,Februari,1478362,Rupiah,330024752084125189
JAWA TENGAH,Rata-Rata Upah/Gaji Bersih Sebulan Buruh/Karyawan/Pegawai menurut Provinsi dan Lapangan Usaha di 17 Sektor,"R,S,T,U Jasa Lainnya",2025,Agustus,1551543,Rupiah,330024752084125190
JAWA TENGAH,Rata-Rata Upah/Gaji Bersih Sebulan Buruh/Karyawan/Pegawai menurut Provinsi dan Lapangan Usaha di 17 Sektor,Total,2025,Februari,2441045,Rupiah,330024752085125189
JAWA TENGAH,Rata-Rata Upah/Gaji Bersih Sebulan Buruh/Karyawan/Pegawai menurut Provinsi dan Lapangan Usaha di 17 Sektor,Total,2025,Agustus,2528470,Rupiah,330024752085125190
DI YOGYAKARTA,Rata-Rata Upah/Gaji Bersih Sebulan Buruh/Karyawan/Pegawai menurut Provinsi dan Lapangan Usaha di 17 Sektor,"A Pertanian, Kehutanan dan Perikanan",2025,Februari,1629083,Rupiah,340024752068125189
DI YOGYAKARTA,Rata-Rata Upah/Gaji Bersih Sebulan Buruh/Karyawan/Pegawai menurut Provinsi dan Lapangan Usaha di 17 Sektor,"A Pertanian, Kehutanan dan Perikanan",2025,Agustus,1990087,Rupiah,340024752068125190
DI YOGYAKARTA,Rata-Rata Upah/Gaji Bersih Sebulan Buruh/Karyawan/Pegawai menurut Provinsi dan Lapangan Usaha di 17 Sektor,C Industri Pengolahan,2025,Februari,2177093,Rupiah,340024752070125189
DI YOGYAKARTA,Rata-Rata Upah/Gaji Bersih Sebulan Buruh/Karyawan/Pegawai menurut Provinsi dan Lapangan Usaha di 17 Sektor,C Industri Pengolahan,2025,Agustus,2134022,Rupiah,340024752070125190
DI YOGYAKARTA,Rata-Rata Upah/Gaji Bersih Sebulan Buruh/Karyawan/Pegawai menurut Provinsi dan Lapangan Usaha di 17 Sektor,D Pengadaan Listrik dan Gas,2025,Februari,3630243,Rupiah,340024752071125189
DI YOGYAKARTA,Rata-Rata Upah/Gaji Bersih Sebulan Buruh/Karyawan/Pegawai menurut Provinsi dan Lapangan Usaha di 17 Sektor,D Pengadaan Listrik dan Gas,2025,Agustus,2239255,Rupiah,340024752071125190
DI YOGYAKARTA,Rata-Rata Upah/Gaji Bersih Sebulan Buruh/Karyawan/Pegawai menurut Provinsi dan Lapangan Usaha di 17 Sektor,"E Pengadaan Air, Pengelolaan Sampah, Limbah dan Daur Ulang",2025,Februari,1724373,Rupiah,340024752072125189
DI YOGYAKARTA,Rata-Rata Upah/Gaji Bersih Sebulan Buruh/Karyawan/Pegawai menurut Provinsi dan Lapangan Usaha di 17 Sektor,"E Pengadaan Air, Pengelolaan Sampah, Limbah dan Daur Ulang",2025,Agustus,2325412,Rupiah,340024752072125190
DI YOGYAKARTA,Rata-Rata Upah/Gaji Bersih Sebulan Buruh/Karyawan/Pegawai menurut Provinsi dan Lapangan Usaha di 17 Sektor,F Konstruksi,2025,Februari,2493770,Rupiah,340024752073125189
DI YOGYAKARTA,Rata-Rata Upah/Gaji Bersih Sebulan Buruh/Karyawan/Pegawai menurut Provinsi dan Lapangan Usaha di 17 Sektor,F Konstruksi,2025,Agustus,2668572,Rupiah,340024752073125190
DI YOGYAKARTA,Rata-Rata Upah/Gaji Bersih Sebulan Buruh/Karyawan/Pegawai menurut Provinsi dan Lapangan Usaha di 17 Sektor,"G Perdagangan Besar dan Eceran, Reparasi Mobil dan Sepeda Motor",2025,Februari,2333325,Rupiah,340024752074125189
DI YOGYAKARTA,Rata-Rata Upah/Gaji Bersih Sebulan Buruh/Karyawan/Pegawai menurut Provinsi dan Lapangan Usaha di 17 Sektor,"G Perdagangan Besar dan Eceran, Reparasi Mobil dan Sepeda Motor",2025,Agustus,2484088,Rupiah,340024752074125190
DI YOGYAKARTA,Rata-Rata Upah/Gaji Bersih Sebulan Buruh/Karyawan/Pegawai menurut Provinsi dan Lapangan Usaha di 17 Sektor,H Transportasi dan Pergudangan,2025,Februari,4086705,Rupiah,340024752075125189
DI YOGYAKARTA,Rata-Rata Upah/Gaji Bersih Sebulan Buruh/Karyawan/Pegawai menurut Provinsi dan Lapangan Usaha di 17 Sektor,H Transportasi dan Pergudangan,2025,Agustus,3129546,Rupiah,340024752075125190
DI YOGYAKARTA,Rata-Rata Upah/Gaji Bersih Sebulan Buruh/Karyawan/Pegawai menurut Provinsi dan Lapangan Usaha di 17 Sektor,I Penyediaan Akomodasi dan Makan Minum,2025,Februari,1962483,Rupiah,340024752076125189
DI YOGYAKARTA,Rata-Rata Upah/Gaji Bersih Sebulan Buruh/Karyawan/Pegawai menurut Provinsi dan Lapangan Usaha di 17 Sektor,I Penyediaan Akomodasi dan Makan Minum,2025,Agustus,2115144,Rupiah,340024752076125190
DI YOGYAKARTA,Rata-Rata Upah/Gaji Bersih Sebulan Buruh/Karyawan/Pegawai menurut Provinsi dan Lapangan Usaha di 17 Sektor,J Informasi dan Komunikasi,2025,Februari,3987805,Rupiah,340024752077125189
DI YOGYAKARTA,Rata-Rata Upah/Gaji Bersih Sebulan Buruh/Karyawan/Pegawai menurut Provinsi dan Lapangan Usaha di 17 Sektor,J Informasi dan Komunikasi,2025,Agustus,4312183,Rupiah,340024752077125190
DI YOGYAKARTA,Rata-Rata Upah/Gaji Bersih Sebulan Buruh/Karyawan/Pegawai menurut Provinsi dan Lapangan Usaha di 17 Sektor,K Jasa Keuangan dan Asuransi,2025,Februari,3413811,Rupiah,340024752078125189
DI YOGYAKARTA,Rata-Rata Upah/Gaji Bersih Sebulan Buruh/Karyawan/Pegawai menurut Provinsi dan Lapangan Usaha di 17 Sektor,K Jasa Keuangan dan Asuransi,2025,Agustus,5533397,Rupiah,340024752078125190
DI YOGYAKARTA,Rata-Rata Upah/Gaji Bersih Sebulan Buruh/Karyawan/Pegawai menurut Provinsi dan Lapangan Usaha di 17 Sektor,L Real Estate,2025,Agustus,3611217,Rupiah,340024752079125190
DI YOGYAKARTA,Rata-Rata Upah/Gaji Bersih Sebulan Buruh/Karyawan/Pegawai menurut Provinsi dan Lapangan Usaha di 17 Sektor,"M,N Jasa Perusahaan",2025,Februari,2677743,Rupiah,340024752080125189
DI YOGYAKARTA,Rata-Rata Upah/Gaji Bersih Sebulan Buruh/Karyawan/Pegawai menurut Provinsi dan Lapangan Usaha di 17 Sektor,"M,N Jasa Perusahaan",2025,Agustus,3167786,Rupiah,340024752080125190
DI YOGYAKARTA,Rata-Rata Upah/Gaji Bersih Sebulan Buruh/Karyawan/Pegawai menurut Provinsi dan Lapangan Usaha di 17 Sektor,"O Administrasi Pemerintahan, Pertahanan dan Jaminan Sosial Wajib",2025,Februari,4756112,Rupiah,340024752081125189
DI YOGYAKARTA,Rata-Rata Upah/Gaji Bersih Sebulan Buruh/Karyawan/Pegawai menurut Provinsi dan Lapangan Usaha di 17 Sektor,"O Administrasi Pemerintahan, Pertahanan dan Jaminan Sosial Wajib",2025,Agustus,5211647,Rupiah,340024752081125190
DI YOGYAKARTA,Rata-Rata Upah/Gaji Bersih Sebulan Buruh/Karyawan/Pegawai menurut Provinsi dan Lapangan Usaha di 17 Sektor,P Jasa Pendidikan,2025,Februari,3328660,Rupiah,340024752082125189
DI YOGYAKARTA,Rata-Rata Upah/Gaji Bersih Sebulan Buruh/Karyawan/Pegawai menurut Provinsi dan Lapangan Usaha di 17 Sektor,P Jasa Pendidikan,2025,Agustus,3744298,Rupiah,340024752082125190
DI YOGYAKARTA,Rata-Rata Upah/Gaji Bersih Sebulan Buruh/Karyawan/Pegawai menurut Provinsi dan Lapangan Usaha di 17 Sektor,Q Jasa Kesehatan dan Kegiatan Sosial,2025,Februari,6555351,Rupiah,340024752083125189
DI YOGYAKARTA,Rata-Rata Upah/Gaji Bersih Sebulan Buruh/Karyawan/Pegawai menurut Provinsi dan Lapangan Usaha di 17 Sektor,Q Jasa Kesehatan dan Kegiatan Sosial,2025,Agustus,4024492,Rupiah,340024752083125190
DI YOGYAKARTA,Rata-Rata Upah/Gaji Bersih Sebulan Buruh/Karyawan/Pegawai menurut Provinsi dan Lapangan Usaha di 17 Sektor,"R,S,T,U Jasa Lainnya",2025,Februari,1655014,Rupiah,340024752084125189
DI YOGYAKARTA,Rata-Rata Upah/Gaji Bersih Sebulan Buruh/Karyawan/Pegawai menurut Provinsi dan Lapangan Usaha di 17 Sektor,"R,S,T,U Jasa Lainnya",2025,Agustus,1472540,Rupiah,340024752084125190
DI YOGYAKARTA,Rata-Rata Upah/Gaji Bersih Sebulan Buruh/Karyawan/Pegawai menurut Provinsi dan Lapangan Usaha di 17 Sektor,Total,2025,Februari,2914645,Rupiah,340024752085125189
DI YOGYAKARTA,Rata-Rata Upah/Gaji Bersih Sebulan Buruh/Karyawan/Pegawai menurut Provinsi dan Lapangan Usaha di 17 Sektor,Total,2025,Agustus,2924613,Rupiah,340024752085125190
JAWA TIMUR,Rata-Rata Upah/Gaji Bersih Sebulan Buruh/Karyawan/Pegawai menurut Provinsi dan Lapangan Usaha di 17 Sektor,"A Pertanian, Kehutanan dan Perikanan",2025,Februari,1649242,Rupiah,350024752068125189
JAWA TIMUR,Rata-Rata Upah/Gaji Bersih Sebulan Buruh/Karyawan/Pegawai menurut Provinsi dan Lapangan Usaha di 17 Sektor,"A Pertanian, Kehutanan dan Perikanan",2025,Agustus,2323209,Rupiah,350024752068125190
JAWA TIMUR,Rata-Rata Upah/Gaji Bersih Sebulan Buruh/Karyawan/Pegawai menurut Provinsi dan Lapangan Usaha di 17 Sektor,B Pertambangan dan Penggalian,2025,Februari,3094140,Rupiah,350024752069125189
JAWA TIMUR,Rata-Rata Upah/Gaji Bersih Sebulan Buruh/Karyawan/Pegawai menurut Provinsi dan Lapangan Usaha di 17 Sektor,B Pertambangan dan Penggalian,2025,Agustus,4025080,Rupiah,350024752069125190
JAWA TIMUR,Rata-Rata Upah/Gaji Bersih Sebulan Buruh/Karyawan/Pegawai menurut Provinsi dan Lapangan Usaha di 17 Sektor,C Industri Pengolahan,2025,Februari,2813940,Rupiah,350024752070125189
JAWA TIMUR,Rata-Rata Upah/Gaji Bersih Sebulan Buruh/Karyawan/Pegawai menurut Provinsi dan Lapangan Usaha di 17 Sektor,C Industri Pengolahan,2025,Agustus,2912502,Rupiah,350024752070125190
JAWA TIMUR,Rata-Rata Upah/Gaji Bersih Sebulan Buruh/Karyawan/Pegawai menurut Provinsi dan Lapangan Usaha di 17 Sektor,D Pengadaan Listrik dan Gas,2025,Februari,6079508,Rupiah,350024752071125189
JAWA TIMUR,Rata-Rata Upah/Gaji Bersih Sebulan Buruh/Karyawan/Pegawai menurut Provinsi dan Lapangan Usaha di 17 Sektor,D Pengadaan Listrik dan Gas,2025,Agustus,5120716,Rupiah,350024752071125190
JAWA TIMUR,Rata-Rata Upah/Gaji Bersih Sebulan Buruh/Karyawan/Pegawai menurut Provinsi dan Lapangan Usaha di 17 Sektor,"E Pengadaan Air, Pengelolaan Sampah, Limbah dan Daur Ulang",2025,Februari,1972273,Rupiah,350024752072125189
JAWA TIMUR,Rata-Rata Upah/Gaji Bersih Sebulan Buruh/Karyawan/Pegawai menurut Provinsi dan Lapangan Usaha di 17 Sektor,"E Pengadaan Air, Pengelolaan Sampah, Limbah dan Daur Ulang",2025,Agustus,2153560,Rupiah,350024752072125190
JAWA TIMUR,Rata-Rata Upah/Gaji Bersih Sebulan Buruh/Karyawan/Pegawai menurut Provinsi dan Lapangan Usaha di 17 Sektor,F Konstruksi,2025,Februari,2699207,Rupiah,350024752073125189
JAWA TIMUR,Rata-Rata Upah/Gaji Bersih Sebulan Buruh/Karyawan/Pegawai menurut Provinsi dan Lapangan Usaha di 17 Sektor,F Konstruksi,2025,Agustus,3117810,Rupiah,350024752073125190
JAWA TIMUR,Rata-Rata Upah/Gaji Bersih Sebulan Buruh/Karyawan/Pegawai menurut Provinsi dan Lapangan Usaha di 17 Sektor,"G Perdagangan Besar dan Eceran, Reparasi Mobil dan Sepeda Motor",2025,Februari,2199257,Rupiah,350024752074125189
JAWA TIMUR,Rata-Rata Upah/Gaji Bersih Sebulan Buruh/Karyawan/Pegawai menurut Provinsi dan Lapangan Usaha di 17 Sektor,"G Perdagangan Besar dan Eceran, Reparasi Mobil dan Sepeda Motor",2025,Agustus,2385530,Rupiah,350024752074125190
JAWA TIMUR,Rata-Rata Upah/Gaji Bersih Sebulan Buruh/Karyawan/Pegawai menurut Provinsi dan Lapangan Usaha di 17 Sektor,H Transportasi dan Pergudangan,2025,Februari,3326043,Rupiah,350024752075125189
JAWA TIMUR,Rata-Rata Upah/Gaji Bersih Sebulan Buruh/Karyawan/Pegawai menurut Provinsi dan Lapangan Usaha di 17 Sektor,H Transportasi dan Pergudangan,2025,Agustus,3906264,Rupiah,350024752075125190
JAWA TIMUR,Rata-Rata Upah/Gaji Bersih Sebulan Buruh/Karyawan/Pegawai menurut Provinsi dan Lapangan Usaha di 17 Sektor,I Penyediaan Akomodasi dan Makan Minum,2025,Februari,1996022,Rupiah,350024752076125189
JAWA TIMUR,Rata-Rata Upah/Gaji Bersih Sebulan Buruh/Karyawan/Pegawai menurut Provinsi dan Lapangan Usaha di 17 Sektor,I Penyediaan Akomodasi dan Makan Minum,2025,Agustus,1959892,Rupiah,350024752076125190
JAWA TIMUR,Rata-Rata Upah/Gaji Bersih Sebulan Buruh/Karyawan/Pegawai menurut Provinsi dan Lapangan Usaha di 17 Sektor,J Informasi dan Komunikasi,2025,Februari,3425071,Rupiah,350024752077125189
JAWA TIMUR,Rata-Rata Upah/Gaji Bersih Sebulan Buruh/Karyawan/Pegawai menurut Provinsi dan Lapangan Usaha di 17 Sektor,J Informasi dan Komunikasi,2025,Agustus,3606144,Rupiah,350024752077125190
JAWA TIMUR,Rata-Rata Upah/Gaji Bersih Sebulan Buruh/Karyawan/Pegawai menurut Provinsi dan Lapangan Usaha di 17 Sektor,K Jasa Keuangan dan Asuransi,2025,Februari,3757021,Rupiah,350024752078125189
JAWA TIMUR,Rata-Rata Upah/Gaji Bersih Sebulan Buruh/Karyawan/Pegawai menurut Provinsi dan Lapangan Usaha di 17 Sektor,K Jasa Keuangan dan Asuransi,2025,Agustus,4526123,Rupiah,350024752078125190
JAWA TIMUR,Rata-Rata Upah/Gaji Bersih Sebulan Buruh/Karyawan/Pegawai menurut Provinsi dan Lapangan Usaha di 17 Sektor,L Real Estate,2025,Februari,2848509,Rupiah,350024752079125189
JAWA TIMUR,Rata-Rata Upah/Gaji Bersih Sebulan Buruh/Karyawan/Pegawai menurut Provinsi dan Lapangan Usaha di 17 Sektor,L Real Estate,2025,Agustus,3782620,Rupiah,350024752079125190
JAWA TIMUR,Rata-Rata Upah/Gaji Bersih Sebulan Buruh/Karyawan/Pegawai menurut Provinsi dan Lapangan Usaha di 17 Sektor,"M,N Jasa Perusahaan",2025,Februari,3079768,Rupiah,350024752080125189
JAWA TIMUR,Rata-Rata Upah/Gaji Bersih Sebulan Buruh/Karyawan/Pegawai menurut Provinsi dan Lapangan Usaha di 17 Sektor,"M,N Jasa Perusahaan",2025,Agustus,3658020,Rupiah,350024752080125190
JAWA TIMUR,Rata-Rata Upah/Gaji Bersih Sebulan Buruh/Karyawan/Pegawai menurut Provinsi dan Lapangan Usaha di 17 Sektor,"O Administrasi Pemerintahan, Pertahanan dan Jaminan Sosial Wajib",2025,Februari,3913206,Rupiah,350024752081125189
JAWA TIMUR,Rata-Rata Upah/Gaji Bersih Sebulan Buruh/Karyawan/Pegawai menurut Provinsi dan Lapangan Usaha di 17 Sektor,"O Administrasi Pemerintahan, Pertahanan dan Jaminan Sosial Wajib",2025,Agustus,4481098,Rupiah,350024752081125190
JAWA TIMUR,Rata-Rata Upah/Gaji Bersih Sebulan Buruh/Karyawan/Pegawai menurut Provinsi dan Lapangan Usaha di 17 Sektor,P Jasa Pendidikan,2025,Februari,2041732,Rupiah,350024752082125189
JAWA TIMUR,Rata-Rata Upah/Gaji Bersih Sebulan Buruh/Karyawan/Pegawai menurut Provinsi dan Lapangan Usaha di 17 Sektor,P Jasa Pendidikan,2025,Agustus,2456837,Rupiah,350024752082125190
JAWA TIMUR,Rata-Rata Upah/Gaji Bersih Sebulan Buruh/Karyawan/Pegawai menurut Provinsi dan Lapangan Usaha di 17 Sektor,Q Jasa Kesehatan dan Kegiatan Sosial,2025,Februari,2766986,Rupiah,350024752083125189
JAWA TIMUR,Rata-Rata Upah/Gaji Bersih Sebulan Buruh/Karyawan/Pegawai menurut Provinsi dan Lapangan Usaha di 17 Sektor,Q Jasa Kesehatan dan Kegiatan Sosial,2025,Agustus,3303029,Rupiah,350024752083125190
JAWA TIMUR,Rata-Rata Upah/Gaji Bersih Sebulan Buruh/Karyawan/Pegawai menurut Provinsi dan Lapangan Usaha di 17 Sektor,"R,S,T,U Jasa Lainnya",2025,Februari,1784694,Rupiah,350024752084125189
JAWA TIMUR,Rata-Rata Upah/Gaji Bersih Sebulan Buruh/Karyawan/Pegawai menurut Provinsi dan Lapangan Usaha di 17 Sektor,"R,S,T,U Jasa Lainnya",2025,Agustus,1911459,Rupiah,350024752084125190
JAWA TIMUR,Rata-Rata Upah/Gaji Bersih Sebulan Buruh/Karyawan/Pegawai menurut Provinsi dan Lapangan Usaha di 17 Sektor,Total,2025,Februari,2625050,Rupiah,350024752085125189
JAWA TIMUR,Rata-Rata Upah/Gaji Bersih Sebulan Buruh/Karyawan/Pegawai menurut Provinsi dan Lapangan Usaha di 17 Sektor,Total,2025,Agustus,2899074,Rupiah,350024752085125190
BANTEN,Rata-Rata Upah/Gaji Bersih Sebulan Buruh/Karyawan/Pegawai menurut Provinsi dan Lapangan Usaha di 17 Sektor,"A Pertanian, Kehutanan dan Perikanan",2025,Februari,3278752,Rupiah,360024752068125189
BANTEN,Rata-Rata Upah/Gaji Bersih Sebulan Buruh/Karyawan/Pegawai menurut Provinsi dan Lapangan Usaha di 17 Sektor,"A Pertanian, Kehutanan dan Perikanan",2025,Agustus,2310248,Rupiah,360024752068125190
BANTEN,Rata-Rata Upah/Gaji Bersih Sebulan Buruh/Karyawan/Pegawai menurut Provinsi dan Lapangan Usaha di 17 Sektor,B Pertambangan dan Penggalian,2025,Februari,4359192,Rupiah,360024752069125189
BANTEN,Rata-Rata Upah/Gaji Bersih Sebulan Buruh/Karyawan/Pegawai menurut Provinsi dan Lapangan Usaha di 17 Sektor,B Pertambangan dan Penggalian,2025,Agustus,5360660,Rupiah,360024752069125190
BANTEN,Rata-Rata Upah/Gaji Bersih Sebulan Buruh/Karyawan/Pegawai menurut Provinsi dan Lapangan Usaha di 17 Sektor,C Industri Pengolahan,2025,Agustus,4429999,Rupiah,360024752070125190
BANTEN,Rata-Rata Upah/Gaji Bersih Sebulan Buruh/Karyawan/Pegawai menurut Provinsi dan Lapangan Usaha di 17 Sektor,D Pengadaan Listrik dan Gas,2025,Februari,5643277,Rupiah,360024752071125189
BANTEN,Rata-Rata Upah/Gaji Bersih Sebulan Buruh/Karyawan/Pegawai menurut Provinsi dan Lapangan Usaha di 17 Sektor,D Pengadaan Listrik dan Gas,2025,Agustus,6796508,Rupiah,360024752071125190
BANTEN,Rata-Rata Upah/Gaji Bersih Sebulan Buruh/Karyawan/Pegawai menurut Provinsi dan Lapangan Usaha di 17 Sektor,"E Pengadaan Air, Pengelolaan Sampah, Limbah dan Daur Ulang",2025,Februari,2655872,Rupiah,360024752072125189
BANTEN,Rata-Rata Upah/Gaji Bersih Sebulan Buruh/Karyawan/Pegawai menurut Provinsi dan Lapangan Usaha di 17 Sektor,"E Pengadaan Air, Pengelolaan Sampah, Limbah dan Daur Ulang",2025,Agustus,2458019,Rupiah,360024752072125190
BANTEN,Rata-Rata Upah/Gaji Bersih Sebulan Buruh/Karyawan/Pegawai menurut Provinsi dan Lapangan Usaha di 17 Sektor,F Konstruksi,2025,Februari,6300243,Rupiah,360024752073125189
BANTEN,Rata-Rata Upah/Gaji Bersih Sebulan Buruh/Karyawan/Pegawai menurut Provinsi dan Lapangan Usaha di 17 Sektor,F Konstruksi,2025,Agustus,3796005,Rupiah,360024752073125190
BANTEN,Rata-Rata Upah/Gaji Bersih Sebulan Buruh/Karyawan/Pegawai menurut Provinsi dan Lapangan Usaha di 17 Sektor,"G Perdagangan Besar dan Eceran, Reparasi Mobil dan Sepeda Motor",2025,Februari,3444632,Rupiah,360024752074125189
BANTEN,Rata-Rata Upah/Gaji Bersih Sebulan Buruh/Karyawan/Pegawai menurut Provinsi dan Lapangan Usaha di 17 Sektor,"G Perdagangan Besar dan Eceran, Reparasi Mobil dan Sepeda Motor",2025,Agustus,3631925,Rupiah,360024752074125190
BANTEN,Rata-Rata Upah/Gaji Bersih Sebulan Buruh/Karyawan/Pegawai menurut Provinsi dan Lapangan Usaha di 17 Sektor,H Transportasi dan Pergudangan,2025,Februari,4281033,Rupiah,360024752075125189
BANTEN,Rata-Rata Upah/Gaji Bersih Sebulan Buruh/Karyawan/Pegawai menurut Provinsi dan Lapangan Usaha di 17 Sektor,H Transportasi dan Pergudangan,2025,Agustus,4430744,Rupiah,360024752075125190
BANTEN,Rata-Rata Upah/Gaji Bersih Sebulan Buruh/Karyawan/Pegawai menurut Provinsi dan Lapangan Usaha di 17 Sektor,I Penyediaan Akomodasi dan Makan Minum,2025,Februari,3227681,Rupiah,360024752076125189
BANTEN,Rata-Rata Upah/Gaji Bersih Sebulan Buruh/Karyawan/Pegawai menurut Provinsi dan Lapangan Usaha di 17 Sektor,I Penyediaan Akomodasi dan Makan Minum,2025,Agustus,2822262,Rupiah,360024752076125190
BANTEN,Rata-Rata Upah/Gaji Bersih Sebulan Buruh/Karyawan/Pegawai menurut Provinsi dan Lapangan Usaha di 17 Sektor,J Informasi dan Komunikasi,2025,Februari,5306656,Rupiah,360024752077125189
BANTEN,Rata-Rata Upah/Gaji Bersih Sebulan Buruh/Karyawan/Pegawai menurut Provinsi dan Lapangan Usaha di 17 Sektor,J Informasi dan Komunikasi,2025,Agustus,6601112,Rupiah,360024752077125190
BANTEN,Rata-Rata Upah/Gaji Bersih Sebulan Buruh/Karyawan/Pegawai menurut Provinsi dan Lapangan Usaha di 17 Sektor,K Jasa Keuangan dan Asuransi,2025,Februari,5361270,Rupiah,360024752078125189
BANTEN,Rata-Rata Upah/Gaji Bersih Sebulan Buruh/Karyawan/Pegawai menurut Provinsi dan Lapangan Usaha di 17 Sektor,K Jasa Keuangan dan Asuransi,2025,Agustus,6524190,Rupiah,360024752078125190
BANTEN,Rata-Rata Upah/Gaji Bersih Sebulan Buruh/Karyawan/Pegawai menurut Provinsi dan Lapangan Usaha di 17 Sektor,L Real Estate,2025,Februari,2650985,Rupiah,360024752079125189
BANTEN,Rata-Rata Upah/Gaji Bersih Sebulan Buruh/Karyawan/Pegawai menurut Provinsi dan Lapangan Usaha di 17 Sektor,L Real Estate,2025,Agustus,3346296,Rupiah,360024752079125190
BANTEN,Rata-Rata Upah/Gaji Bersih Sebulan Buruh/Karyawan/Pegawai menurut Provinsi dan Lapangan Usaha di 17 Sektor,"M,N Jasa Perusahaan",2025,Februari,4636507,Rupiah,360024752080125189
BANTEN,Rata-Rata Upah/Gaji Bersih Sebulan Buruh/Karyawan/Pegawai menurut Provinsi dan Lapangan Usaha di 17 Sektor,"M,N Jasa Perusahaan",2025,Agustus,5191143,Rupiah,360024752080125190
BANTEN,Rata-Rata Upah/Gaji Bersih Sebulan Buruh/Karyawan/Pegawai menurut Provinsi dan Lapangan Usaha di 17 Sektor,"O Administrasi Pemerintahan, Pertahanan dan Jaminan Sosial Wajib",2025,Februari,4306948,Rupiah,360024752081125189
BANTEN,Rata-Rata Upah/Gaji Bersih Sebulan Buruh/Karyawan/Pegawai menurut Provinsi dan Lapangan Usaha di 17 Sektor,"O Administrasi Pemerintahan, Pertahanan dan Jaminan Sosial Wajib",2025,Agustus,5516624,Rupiah,360024752081125190
BANTEN,Rata-Rata Upah/Gaji Bersih Sebulan Buruh/Karyawan/Pegawai menurut Provinsi dan Lapangan Usaha di 17 Sektor,P Jasa Pendidikan,2025,Februari,3661398,Rupiah,360024752082125189
BANTEN,Rata-Rata Upah/Gaji Bersih Sebulan Buruh/Karyawan/Pegawai menurut Provinsi dan Lapangan Usaha di 17 Sektor,P Jasa Pendidikan,2025,Agustus,3272811,Rupiah,360024752082125190
BANTEN,Rata-Rata Upah/Gaji Bersih Sebulan Buruh/Karyawan/Pegawai menurut Provinsi dan Lapangan Usaha di 17 Sektor,Q Jasa Kesehatan dan Kegiatan Sosial,2025,Februari,4182079,Rupiah,360024752083125189
BANTEN,Rata-Rata Upah/Gaji Bersih Sebulan Buruh/Karyawan/Pegawai menurut Provinsi dan Lapangan Usaha di 17 Sektor,Q Jasa Kesehatan dan Kegiatan Sosial,2025,Agustus,5676843,Rupiah,360024752083125190
BANTEN,Rata-Rata Upah/Gaji Bersih Sebulan Buruh/Karyawan/Pegawai menurut Provinsi dan Lapangan Usaha di 17 Sektor,"R,S,T,U Jasa Lainnya",2025,Februari,2524974,Rupiah,360024752084125189
BANTEN,Rata-Rata Upah/Gaji Bersih Sebulan Buruh/Karyawan/Pegawai menurut Provinsi dan Lapangan Usaha di 17 Sektor,"R,S,T,U Jasa Lainnya",2025,Agustus,2027226,Rupiah,360024752084125190
BANTEN,Rata-Rata Upah/Gaji Bersih Sebulan Buruh/Karyawan/Pegawai menurut Provinsi dan Lapangan Usaha di 17 Sektor,Total,2025,Februari,4168622,Rupiah,360024752085125189
BANTEN,Rata-Rata Upah/Gaji Bersih Sebulan Buruh/Karyawan/Pegawai menurut Provinsi dan Lapangan Usaha di 17 Sektor,Total,2025,Agustus,4062488,Rupiah,360024752085125190
BALI,Rata-Rata Upah/Gaji Bersih Sebulan Buruh/Karyawan/Pegawai menurut Provinsi dan Lapangan Usaha di 17 Sektor,"A Pertanian, Kehutanan dan Perikanan",2025,Februari,1474012,Rupiah,510024752068125189
BALI,Rata-Rata Upah/Gaji Bersih Sebulan Buruh/Karyawan/Pegawai menurut Provinsi dan Lapangan Usaha di 17 Sektor,"A Pertanian, Kehutanan dan Perikanan",2025,Agustus,2306945,Rupiah,510024752068125190
BALI,Rata-Rata Upah/Gaji Bersih Sebulan Buruh/Karyawan/Pegawai menurut Provinsi dan Lapangan Usaha di 17 Sektor,B Pertambangan dan Penggalian,2025,Agustus,4154110,Rupiah,510024752069125190
BALI,Rata-Rata Upah/Gaji Bersih Sebulan Buruh/Karyawan/Pegawai menurut Provinsi dan Lapangan Usaha di 17 Sektor,C Industri Pengolahan,2025,Februari,2321211,Rupiah,510024752070125189
BALI,Rata-Rata Upah/Gaji Bersih Sebulan Buruh/Karyawan/Pegawai menurut Provinsi dan Lapangan Usaha di 17 Sektor,C Industri Pengolahan,2025,Agustus,2363507,Rupiah,510024752070125190
BALI,Rata-Rata Upah/Gaji Bersih Sebulan Buruh/Karyawan/Pegawai menurut Provinsi dan Lapangan Usaha di 17 Sektor,D Pengadaan Listrik dan Gas,2025,Februari,3048017,Rupiah,510024752071125189
BALI,Rata-Rata Upah/Gaji Bersih Sebulan Buruh/Karyawan/Pegawai menurut Provinsi dan Lapangan Usaha di 17 Sektor,D Pengadaan Listrik dan Gas,2025,Agustus,4754239,Rupiah,510024752071125190
BALI,Rata-Rata Upah/Gaji Bersih Sebulan Buruh/Karyawan/Pegawai menurut Provinsi dan Lapangan Usaha di 17 Sektor,"E Pengadaan Air, Pengelolaan Sampah, Limbah dan Daur Ulang",2025,Februari,2113955,Rupiah,510024752072125189
BALI,Rata-Rata Upah/Gaji Bersih Sebulan Buruh/Karyawan/Pegawai menurut Provinsi dan Lapangan Usaha di 17 Sektor,"E Pengadaan Air, Pengelolaan Sampah, Limbah dan Daur Ulang",2025,Agustus,3204740,Rupiah,510024752072125190
BALI,Rata-Rata Upah/Gaji Bersih Sebulan Buruh/Karyawan/Pegawai menurut Provinsi dan Lapangan Usaha di 17 Sektor,F Konstruksi,2025,Februari,2983287,Rupiah,510024752073125189
BALI,Rata-Rata Upah/Gaji Bersih Sebulan Buruh/Karyawan/Pegawai menurut Provinsi dan Lapangan Usaha di 17 Sektor,F Konstruksi,2025,Agustus,3124570,Rupiah,510024752073125190
BALI,Rata-Rata Upah/Gaji Bersih Sebulan Buruh/Karyawan/Pegawai menurut Provinsi dan Lapangan Usaha di 17 Sektor,"G Perdagangan Besar dan Eceran, Reparasi Mobil dan Sepeda Motor",2025,Februari,2796316,Rupiah,510024752074125189
BALI,Rata-Rata Upah/Gaji Bersih Sebulan Buruh/Karyawan/Pegawai menurut Provinsi dan Lapangan Usaha di 17 Sektor,"G Perdagangan Besar dan Eceran, Reparasi Mobil dan Sepeda Motor",2025,Agustus,2653785,Rupiah,510024752074125190
BALI,Rata-Rata Upah/Gaji Bersih Sebulan Buruh/Karyawan/Pegawai menurut Provinsi dan Lapangan Usaha di 17 Sektor,H Transportasi dan Pergudangan,2025,Februari,11582643,Rupiah,510024752075125189
BALI,Rata-Rata Upah/Gaji Bersih Sebulan Buruh/Karyawan/Pegawai menurut Provinsi dan Lapangan Usaha di 17 Sektor,H Transportasi dan Pergudangan,2025,Agustus,8407709,Rupiah,510024752075125190
BALI,Rata-Rata Upah/Gaji Bersih Sebulan Buruh/Karyawan/Pegawai menurut Provinsi dan Lapangan Usaha di 17 Sektor,I Penyediaan Akomodasi dan Makan Minum,2025,Februari,3585955,Rupiah,510024752076125189
BALI,Rata-Rata Upah/Gaji Bersih Sebulan Buruh/Karyawan/Pegawai menurut Provinsi dan Lapangan Usaha di 17 Sektor,I Penyediaan Akomodasi dan Makan Minum,2025,Agustus,3664983,Rupiah,510024752076125190
BALI,Rata-Rata Upah/Gaji Bersih Sebulan Buruh/Karyawan/Pegawai menurut Provinsi dan Lapangan Usaha di 17 Sektor,J Informasi dan Komunikasi,2025,Februari,4339494,Rupiah,510024752077125189
BALI,Rata-Rata Upah/Gaji Bersih Sebulan Buruh/Karyawan/Pegawai menurut Provinsi dan Lapangan Usaha di 17 Sektor,J Informasi dan Komunikasi,2025,Agustus,4344930,Rupiah,510024752077125190
BALI,Rata-Rata Upah/Gaji Bersih Sebulan Buruh/Karyawan/Pegawai menurut Provinsi dan Lapangan Usaha di 17 Sektor,K Jasa Keuangan dan Asuransi,2025,Februari,3739704,Rupiah,510024752078125189
BALI,Rata-Rata Upah/Gaji Bersih Sebulan Buruh/Karyawan/Pegawai menurut Provinsi dan Lapangan Usaha di 17 Sektor,K Jasa Keuangan dan Asuransi,2025,Agustus,3903146,Rupiah,510024752078125190
BALI,Rata-Rata Upah/Gaji Bersih Sebulan Buruh/Karyawan/Pegawai menurut Provinsi dan Lapangan Usaha di 17 Sektor,L Real Estate,2025,Agustus,5198855,Rupiah,510024752079125190
BALI,Rata-Rata Upah/Gaji Bersih Sebulan Buruh/Karyawan/Pegawai menurut Provinsi dan Lapangan Usaha di 17 Sektor,"M,N Jasa Perusahaan",2025,Februari,4198179,Rupiah,510024752080125189
BALI,Rata-Rata Upah/Gaji Bersih Sebulan Buruh/Karyawan/Pegawai menurut Provinsi dan Lapangan Usaha di 17 Sektor,"M,N Jasa Perusahaan",2025,Agustus,3834844,Rupiah,510024752080125190
BALI,Rata-Rata Upah/Gaji Bersih Sebulan Buruh/Karyawan/Pegawai menurut Provinsi dan Lapangan Usaha di 17 Sektor,"O Administrasi Pemerintahan, Pertahanan dan Jaminan Sosial Wajib",2025,Februari,3869638,Rupiah,510024752081125189
BALI,Rata-Rata Upah/Gaji Bersih Sebulan Buruh/Karyawan/Pegawai menurut Provinsi dan Lapangan Usaha di 17 Sektor,"O Administrasi Pemerintahan, Pertahanan dan Jaminan Sosial Wajib",2025,Agustus,4886977,Rupiah,510024752081125190
BALI,Rata-Rata Upah/Gaji Bersih Sebulan Buruh/Karyawan/Pegawai menurut Provinsi dan Lapangan Usaha di 17 Sektor,P Jasa Pendidikan,2025,Februari,3532872,Rupiah,510024752082125189
BALI,Rata-Rata Upah/Gaji Bersih Sebulan Buruh/Karyawan/Pegawai menurut Provinsi dan Lapangan Usaha di 17 Sektor,P Jasa Pendidikan,2025,Agustus,3720093,Rupiah,510024752082125190
BALI,Rata-Rata Upah/Gaji Bersih Sebulan Buruh/Karyawan/Pegawai menurut Provinsi dan Lapangan Usaha di 17 Sektor,Q Jasa Kesehatan dan Kegiatan Sosial,2025,Februari,3552852,Rupiah,510024752083125189
BALI,Rata-Rata Upah/Gaji Bersih Sebulan Buruh/Karyawan/Pegawai menurut Provinsi dan Lapangan Usaha di 17 Sektor,Q Jasa Kesehatan dan Kegiatan Sosial,2025,Agustus,4039595,Rupiah,510024752083125190
BALI,Rata-Rata Upah/Gaji Bersih Sebulan Buruh/Karyawan/Pegawai menurut Provinsi dan Lapangan Usaha di 17 Sektor,"R,S,T,U Jasa Lainnya",2025,Februari,2748438,Rupiah,510024752084125189
BALI,Rata-Rata Upah/Gaji Bersih Sebulan Buruh/Karyawan/Pegawai menurut Provinsi dan Lapangan Usaha di 17 Sektor,"R,S,T,U Jasa Lainnya",2025,Agustus,2768272,Rupiah,510024752084125190
BALI,Rata-Rata Upah/Gaji Bersih Sebulan Buruh/Karyawan/Pegawai menurut Provinsi dan Lapangan Usaha di 17 Sektor,Total,2025,Februari,3617339,Rupiah,510024752085125189
BALI,Rata-Rata Upah/Gaji Bersih Sebulan Buruh/Karyawan/Pegawai menurut Provinsi dan Lapangan Usaha di 17 Sektor,Total,2025,Agustus,3639413,Rupiah,510024752085125190
NUSA TENGGARA BARAT,Rata-Rata Upah/Gaji Bersih Sebulan Buruh/Karyawan/Pegawai menurut Provinsi dan Lapangan Usaha di 17 Sektor,"A Pertanian, Kehutanan dan Perikanan",2025,Februari,1374466,Rupiah,520024752068125189
NUSA TENGGARA BARAT,Rata-Rata Upah/Gaji Bersih Sebulan Buruh/Karyawan/Pegawai menurut Provinsi dan Lapangan Usaha di 17 Sektor,"A Pertanian, Kehutanan dan Perikanan",2025,Agustus,2535105,Rupiah,520024752068125190
NUSA TENGGARA BARAT,Rata-Rata Upah/Gaji Bersih Sebulan Buruh/Karyawan/Pegawai menurut Provinsi dan Lapangan Usaha di 17 Sektor,B Pertambangan dan Penggalian,2025,Februari,3952863,Rupiah,520024752069125189
NUSA TENGGARA BARAT,Rata-Rata Upah/Gaji Bersih Sebulan Buruh/Karyawan/Pegawai menurut Provinsi dan Lapangan Usaha di 17 Sektor,B Pertambangan dan Penggalian,2025,Agustus,3535185,Rupiah,520024752069125190
NUSA TENGGARA BARAT,Rata-Rata Upah/Gaji Bersih Sebulan Buruh/Karyawan/Pegawai menurut Provinsi dan Lapangan Usaha di 17 Sektor,C Industri Pengolahan,2025,Februari,1343696,Rupiah,520024752070125189
NUSA TENGGARA BARAT,Rata-Rata Upah/Gaji Bersih Sebulan Buruh/Karyawan/Pegawai menurut Provinsi dan Lapangan Usaha di 17 Sektor,C Industri Pengolahan,2025,Agustus,1757890,Rupiah,520024752070125190
NUSA TENGGARA BARAT,Rata-Rata Upah/Gaji Bersih Sebulan Buruh/Karyawan/Pegawai menurut Provinsi dan Lapangan Usaha di 17 Sektor,D Pengadaan Listrik dan Gas,2025,Februari,10317694,Rupiah,520024752071125189
NUSA TENGGARA BARAT,Rata-Rata Upah/Gaji Bersih Sebulan Buruh/Karyawan/Pegawai menurut Provinsi dan Lapangan Usaha di 17 Sektor,D Pengadaan Listrik dan Gas,2025,Agustus,3875488,Rupiah,520024752071125190
NUSA TENGGARA BARAT,Rata-Rata Upah/Gaji Bersih Sebulan Buruh/Karyawan/Pegawai menurut Provinsi dan Lapangan Usaha di 17 Sektor,"E Pengadaan Air, Pengelolaan Sampah, Limbah dan Daur Ulang",2025,Februari,583772,Rupiah,520024752072125189
NUSA TENGGARA BARAT,Rata-Rata Upah/Gaji Bersih Sebulan Buruh/Karyawan/Pegawai menurut Provinsi dan Lapangan Usaha di 17 Sektor,"E Pengadaan Air, Pengelolaan Sampah, Limbah dan Daur Ulang",2025,Agustus,2770781,Rupiah,520024752072125190
NUSA TENGGARA BARAT,Rata-Rata Upah/Gaji Bersih Sebulan Buruh/Karyawan/Pegawai menurut Provinsi dan Lapangan Usaha di 17 Sektor,F Konstruksi,2025,Februari,2648174,Rupiah,520024752073125189
NUSA TENGGARA BARAT,Rata-Rata Upah/Gaji Bersih Sebulan Buruh/Karyawan/Pegawai menurut Provinsi dan Lapangan Usaha di 17 Sektor,F Konstruksi,2025,Agustus,2625009,Rupiah,520024752073125190
NUSA TENGGARA BARAT,Rata-Rata Upah/Gaji Bersih Sebulan Buruh/Karyawan/Pegawai menurut Provinsi dan Lapangan Usaha di 17 Sektor,"G Perdagangan Besar dan Eceran, Reparasi Mobil dan Sepeda Motor",2025,Februari,1939904,Rupiah,520024752074125189
NUSA TENGGARA BARAT,Rata-Rata Upah/Gaji Bersih Sebulan Buruh/Karyawan/Pegawai menurut Provinsi dan Lapangan Usaha di 17 Sektor,"G Perdagangan Besar dan Eceran, Reparasi Mobil dan Sepeda Motor",2025,Agustus,2115581,Rupiah,520024752074125190
NUSA TENGGARA BARAT,Rata-Rata Upah/Gaji Bersih Sebulan Buruh/Karyawan/Pegawai menurut Provinsi dan Lapangan Usaha di 17 Sektor,H Transportasi dan Pergudangan,2025,Februari,2293253,Rupiah,520024752075125189
NUSA TENGGARA BARAT,Rata-Rata Upah/Gaji Bersih Sebulan Buruh/Karyawan/Pegawai menurut Provinsi dan Lapangan Usaha di 17 Sektor,H Transportasi dan Pergudangan,2025,Agustus,2577617,Rupiah,520024752075125190
NUSA TENGGARA BARAT,Rata-Rata Upah/Gaji Bersih Sebulan Buruh/Karyawan/Pegawai menurut Provinsi dan Lapangan Usaha di 17 Sektor,I Penyediaan Akomodasi dan Makan Minum,2025,Februari,1814765,Rupiah,520024752076125189
NUSA TENGGARA BARAT,Rata-Rata Upah/Gaji Bersih Sebulan Buruh/Karyawan/Pegawai menurut Provinsi dan Lapangan Usaha di 17 Sektor,I Penyediaan Akomodasi dan Makan Minum,2025,Agustus,2308459,Rupiah,520024752076125190
NUSA TENGGARA BARAT,Rata-Rata Upah/Gaji Bersih Sebulan Buruh/Karyawan/Pegawai menurut Provinsi dan Lapangan Usaha di 17 Sektor,J Informasi dan Komunikasi,2025,Februari,1521067,Rupiah,520024752077125189
NUSA TENGGARA BARAT,Rata-Rata Upah/Gaji Bersih Sebulan Buruh/Karyawan/Pegawai menurut Provinsi dan Lapangan Usaha di 17 Sektor,J Informasi dan Komunikasi,2025,Agustus,2322887,Rupiah,520024752077125190
NUSA TENGGARA BARAT,Rata-Rata Upah/Gaji Bersih Sebulan Buruh/Karyawan/Pegawai menurut Provinsi dan Lapangan Usaha di 17 Sektor,K Jasa Keuangan dan Asuransi,2025,Februari,2975048,Rupiah,520024752078125189
NUSA TENGGARA BARAT,Rata-Rata Upah/Gaji Bersih Sebulan Buruh/Karyawan/Pegawai menurut Provinsi dan Lapangan Usaha di 17 Sektor,K Jasa Keuangan dan Asuransi,2025,Agustus,3986724,Rupiah,520024752078125190
NUSA TENGGARA BARAT,Rata-Rata Upah/Gaji Bersih Sebulan Buruh/Karyawan/Pegawai menurut Provinsi dan Lapangan Usaha di 17 Sektor,L Real Estate,2025,Agustus,4260834,Rupiah,520024752079125190
NUSA TENGGARA BARAT,Rata-Rata Upah/Gaji Bersih Sebulan Buruh/Karyawan/Pegawai menurut Provinsi dan Lapangan Usaha di 17 Sektor,"M,N Jasa Perusahaan",2025,Februari,2667049,Rupiah,520024752080125189
NUSA TENGGARA BARAT,Rata-Rata Upah/Gaji Bersih Sebulan Buruh/Karyawan/Pegawai menurut Provinsi dan Lapangan Usaha di 17 Sektor,"M,N Jasa Perusahaan",2025,Agustus,2828112,Rupiah,520024752080125190
NUSA TENGGARA BARAT,Rata-Rata Upah/Gaji Bersih Sebulan Buruh/Karyawan/Pegawai menurut Provinsi dan Lapangan Usaha di 17 Sektor,"O Administrasi Pemerintahan, Pertahanan dan Jaminan Sosial Wajib",2025,Februari,3248754,Rupiah,520024752081125189
NUSA TENGGARA BARAT,Rata-Rata Upah/Gaji Bersih Sebulan Buruh/Karyawan/Pegawai menurut Provinsi dan Lapangan Usaha di 17 Sektor,"O Administrasi Pemerintahan, Pertahanan dan Jaminan Sosial Wajib",2025,Agustus,3737523,Rupiah,520024752081125190
NUSA TENGGARA BARAT,Rata-Rata Upah/Gaji Bersih Sebulan Buruh/Karyawan/Pegawai menurut Provinsi dan Lapangan Usaha di 17 Sektor,P Jasa Pendidikan,2025,Februari,2389409,Rupiah,520024752082125189
NUSA TENGGARA BARAT,Rata-Rata Upah/Gaji Bersih Sebulan Buruh/Karyawan/Pegawai menurut Provinsi dan Lapangan Usaha di 17 Sektor,P Jasa Pendidikan,2025,Agustus,2411076,Rupiah,520024752082125190
NUSA TENGGARA BARAT,Rata-Rata Upah/Gaji Bersih Sebulan Buruh/Karyawan/Pegawai menurut Provinsi dan Lapangan Usaha di 17 Sektor,Q Jasa Kesehatan dan Kegiatan Sosial,2025,Februari,1475852,Rupiah,520024752083125189
NUSA TENGGARA BARAT,Rata-Rata Upah/Gaji Bersih Sebulan Buruh/Karyawan/Pegawai menurut Provinsi dan Lapangan Usaha di 17 Sektor,Q Jasa Kesehatan dan Kegiatan Sosial,2025,Agustus,2574698,Rupiah,520024752083125190
NUSA TENGGARA BARAT,Rata-Rata Upah/Gaji Bersih Sebulan Buruh/Karyawan/Pegawai menurut Provinsi dan Lapangan Usaha di 17 Sektor,"R,S,T,U Jasa Lainnya",2025,Februari,1249851,Rupiah,520024752084125189
NUSA TENGGARA BARAT,Rata-Rata Upah/Gaji Bersih Sebulan Buruh/Karyawan/Pegawai menurut Provinsi dan Lapangan Usaha di 17 Sektor,"R,S,T,U Jasa Lainnya",2025,Agustus,1332720,Rupiah,520024752084125190
NUSA TENGGARA BARAT,Rata-Rata Upah/Gaji Bersih Sebulan Buruh/Karyawan/Pegawai menurut Provinsi dan Lapangan Usaha di 17 Sektor,Total,2025,Februari,2377411,Rupiah,520024752085125189
NUSA TENGGARA BARAT,Rata-Rata Upah/Gaji Bersih Sebulan Buruh/Karyawan/Pegawai menurut Provinsi dan Lapangan Usaha di 17 Sektor,Total,2025,Agustus,2569181,Rupiah,520024752085125190
NUSA TENGGARA TIMUR,Rata-Rata Upah/Gaji Bersih Sebulan Buruh/Karyawan/Pegawai menurut Provinsi dan Lapangan Usaha di 17 Sektor,"A Pertanian, Kehutanan dan Perikanan",2025,Februari,1496487,Rupiah,530024752068125189
NUSA TENGGARA TIMUR,Rata-Rata Upah/Gaji Bersih Sebulan Buruh/Karyawan/Pegawai menurut Provinsi dan Lapangan Usaha di 17 Sektor,"A Pertanian, Kehutanan dan Perikanan",2025,Agustus,2223012,Rupiah,530024752068125190
NUSA TENGGARA TIMUR,Rata-Rata Upah/Gaji Bersih Sebulan Buruh/Karyawan/Pegawai menurut Provinsi dan Lapangan Usaha di 17 Sektor,B Pertambangan dan Penggalian,2025,Agustus,2749311,Rupiah,530024752069125190
NUSA TENGGARA TIMUR,Rata-Rata Upah/Gaji Bersih Sebulan Buruh/Karyawan/Pegawai menurut Provinsi dan Lapangan Usaha di 17 Sektor,C Industri Pengolahan,2025,Februari,1162805,Rupiah,530024752070125189
NUSA TENGGARA TIMUR,Rata-Rata Upah/Gaji Bersih Sebulan Buruh/Karyawan/Pegawai menurut Provinsi dan Lapangan Usaha di 17 Sektor,C Industri Pengolahan,2025,Agustus,1385173,Rupiah,530024752070125190
NUSA TENGGARA TIMUR,Rata-Rata Upah/Gaji Bersih Sebulan Buruh/Karyawan/Pegawai menurut Provinsi dan Lapangan Usaha di 17 Sektor,D Pengadaan Listrik dan Gas,2025,Februari,2567179,Rupiah,530024752071125189
NUSA TENGGARA TIMUR,Rata-Rata Upah/Gaji Bersih Sebulan Buruh/Karyawan/Pegawai menurut Provinsi dan Lapangan Usaha di 17 Sektor,D Pengadaan Listrik dan Gas,2025,Agustus,2669035,Rupiah,530024752071125190
NUSA TENGGARA TIMUR,Rata-Rata Upah/Gaji Bersih Sebulan Buruh/Karyawan/Pegawai menurut Provinsi dan Lapangan Usaha di 17 Sektor,"E Pengadaan Air, Pengelolaan Sampah, Limbah dan Daur Ulang",2025,Agustus,1968960,Rupiah,530024752072125190
NUSA TENGGARA TIMUR,Rata-Rata Upah/Gaji Bersih Sebulan Buruh/Karyawan/Pegawai menurut Provinsi dan Lapangan Usaha di 17 Sektor,F Konstruksi,2025,Februari,3077494,Rupiah,530024752073125189
NUSA TENGGARA TIMUR,Rata-Rata Upah/Gaji Bersih Sebulan Buruh/Karyawan/Pegawai menurut Provinsi dan Lapangan Usaha di 17 Sektor,F Konstruksi,2025,Agustus,2253967,Rupiah,530024752073125190
NUSA TENGGARA TIMUR,Rata-Rata Upah/Gaji Bersih Sebulan Buruh/Karyawan/Pegawai menurut Provinsi dan Lapangan Usaha di 17 Sektor,"G Perdagangan Besar dan Eceran, Reparasi Mobil dan Sepeda Motor",2025,Februari,1657306,Rupiah,530024752074125189
NUSA TENGGARA TIMUR,Rata-Rata Upah/Gaji Bersih Sebulan Buruh/Karyawan/Pegawai menurut Provinsi dan Lapangan Usaha di 17 Sektor,"G Perdagangan Besar dan Eceran, Reparasi Mobil dan Sepeda Motor",2025,Agustus,1988447,Rupiah,530024752074125190
NUSA TENGGARA TIMUR,Rata-Rata Upah/Gaji Bersih Sebulan Buruh/Karyawan/Pegawai menurut Provinsi dan Lapangan Usaha di 17 Sektor,H Transportasi dan Pergudangan,2025,Februari,1482654,Rupiah,530024752075125189
NUSA TENGGARA TIMUR,Rata-Rata Upah/Gaji Bersih Sebulan Buruh/Karyawan/Pegawai menurut Provinsi dan Lapangan Usaha di 17 Sektor,H Transportasi dan Pergudangan,2025,Agustus,1863932,Rupiah,530024752075125190
NUSA TENGGARA TIMUR,Rata-Rata Upah/Gaji Bersih Sebulan Buruh/Karyawan/Pegawai menurut Provinsi dan Lapangan Usaha di 17 Sektor,I Penyediaan Akomodasi dan Makan Minum,2025,Februari,1855384,Rupiah,530024752076125189
NUSA TENGGARA TIMUR,Rata-Rata Upah/Gaji Bersih Sebulan Buruh/Karyawan/Pegawai menurut Provinsi dan Lapangan Usaha di 17 Sektor,I Penyediaan Akomodasi dan Makan Minum,2025,Agustus,1598314,Rupiah,530024752076125190
NUSA TENGGARA TIMUR,Rata-Rata Upah/Gaji Bersih Sebulan Buruh/Karyawan/Pegawai menurut Provinsi dan Lapangan Usaha di 17 Sektor,J Informasi dan Komunikasi,2025,Februari,2064717,Rupiah,530024752077125189
NUSA TENGGARA TIMUR,Rata-Rata Upah/Gaji Bersih Sebulan Buruh/Karyawan/Pegawai menurut Provinsi dan Lapangan Usaha di 17 Sektor,J Informasi dan Komunikasi,2025,Agustus,3042272,Rupiah,530024752077125190
NUSA TENGGARA TIMUR,Rata-Rata Upah/Gaji Bersih Sebulan Buruh/Karyawan/Pegawai menurut Provinsi dan Lapangan Usaha di 17 Sektor,K Jasa Keuangan dan Asuransi,2025,Februari,4677950,Rupiah,530024752078125189
NUSA TENGGARA TIMUR,Rata-Rata Upah/Gaji Bersih Sebulan Buruh/Karyawan/Pegawai menurut Provinsi dan Lapangan Usaha di 17 Sektor,K Jasa Keuangan dan Asuransi,2025,Agustus,3416394,Rupiah,530024752078125190
NUSA TENGGARA TIMUR,Rata-Rata Upah/Gaji Bersih Sebulan Buruh/Karyawan/Pegawai menurut Provinsi dan Lapangan Usaha di 17 Sektor,"M,N Jasa Perusahaan",2025,Februari,2811710,Rupiah,530024752080125189
NUSA TENGGARA TIMUR,Rata-Rata Upah/Gaji Bersih Sebulan Buruh/Karyawan/Pegawai menurut Provinsi dan Lapangan Usaha di 17 Sektor,"M,N Jasa Perusahaan",2025,Agustus,2773965,Rupiah,530024752080125190
NUSA TENGGARA TIMUR,Rata-Rata Upah/Gaji Bersih Sebulan Buruh/Karyawan/Pegawai menurut Provinsi dan Lapangan Usaha di 17 Sektor,"O Administrasi Pemerintahan, Pertahanan dan Jaminan Sosial Wajib",2025,Februari,3165767,Rupiah,530024752081125189
NUSA TENGGARA TIMUR,Rata-Rata Upah/Gaji Bersih Sebulan Buruh/Karyawan/Pegawai menurut Provinsi dan Lapangan Usaha di 17 Sektor,"O Administrasi Pemerintahan, Pertahanan dan Jaminan Sosial Wajib",2025,Agustus,3711507,Rupiah,530024752081125190
NUSA TENGGARA TIMUR,Rata-Rata Upah/Gaji Bersih Sebulan Buruh/Karyawan/Pegawai menurut Provinsi dan Lapangan Usaha di 17 Sektor,P Jasa Pendidikan,2025,Februari,2507895,Rupiah,530024752082125189
NUSA TENGGARA TIMUR,Rata-Rata Upah/Gaji Bersih Sebulan Buruh/Karyawan/Pegawai menurut Provinsi dan Lapangan Usaha di 17 Sektor,P Jasa Pendidikan,2025,Agustus,2722555,Rupiah,530024752082125190
NUSA TENGGARA TIMUR,Rata-Rata Upah/Gaji Bersih Sebulan Buruh/Karyawan/Pegawai menurut Provinsi dan Lapangan Usaha di 17 Sektor,Q Jasa Kesehatan dan Kegiatan Sosial,2025,Februari,2186768,Rupiah,530024752083125189
NUSA TENGGARA TIMUR,Rata-Rata Upah/Gaji Bersih Sebulan Buruh/Karyawan/Pegawai menurut Provinsi dan Lapangan Usaha di 17 Sektor,Q Jasa Kesehatan dan Kegiatan Sosial,2025,Agustus,2731744,Rupiah,530024752083125190
NUSA TENGGARA TIMUR,Rata-Rata Upah/Gaji Bersih Sebulan Buruh/Karyawan/Pegawai menurut Provinsi dan Lapangan Usaha di 17 Sektor,"R,S,T,U Jasa Lainnya",2025,Februari,1601183,Rupiah,530024752084125189
NUSA TENGGARA TIMUR,Rata-Rata Upah/Gaji Bersih Sebulan Buruh/Karyawan/Pegawai menurut Provinsi dan Lapangan Usaha di 17 Sektor,"R,S,T,U Jasa Lainnya",2025,Agustus,1461597,Rupiah,530024752084125190
NUSA TENGGARA TIMUR,Rata-Rata Upah/Gaji Bersih Sebulan Buruh/Karyawan/Pegawai menurut Provinsi dan Lapangan Usaha di 17 Sektor,Total,2025,Februari,2341352,Rupiah,530024752085125189
NUSA TENGGARA TIMUR,Rata-Rata Upah/Gaji Bersih Sebulan Buruh/Karyawan/Pegawai menurut Provinsi dan Lapangan Usaha di 17 Sektor,Total,2025,Agustus,2674136,Rupiah,530024752085125190
KALIMANTAN BARAT,Rata-Rata Upah/Gaji Bersih Sebulan Buruh/Karyawan/Pegawai menurut Provinsi dan Lapangan Usaha di 17 Sektor,"A Pertanian, Kehutanan dan Perikanan",2025,Agustus,2873379,Rupiah,610024752068125190
KALIMANTAN BARAT,Rata-Rata Upah/Gaji Bersih Sebulan Buruh/Karyawan/Pegawai menurut Provinsi dan Lapangan Usaha di 17 Sektor,B Pertambangan dan Penggalian,2025,Agustus,3112074,Rupiah,610024752069125190
KALIMANTAN BARAT,Rata-Rata Upah/Gaji Bersih Sebulan Buruh/Karyawan/Pegawai menurut Provinsi dan Lapangan Usaha di 17 Sektor,C Industri Pengolahan,2025,Agustus,3033943,Rupiah,610024752070125190
KALIMANTAN BARAT,Rata-Rata Upah/Gaji Bersih Sebulan Buruh/Karyawan/Pegawai menurut Provinsi dan Lapangan Usaha di 17 Sektor,D Pengadaan Listrik dan Gas,2025,Agustus,3870053,Rupiah,610024752071125190
KALIMANTAN BARAT,Rata-Rata Upah/Gaji Bersih Sebulan Buruh/Karyawan/Pegawai menurut Provinsi dan Lapangan Usaha di 17 Sektor,"E Pengadaan Air, Pengelolaan Sampah, Limbah dan Daur Ulang",2025,Agustus,4147490,Rupiah,610024752072125190
KALIMANTAN BARAT,Rata-Rata Upah/Gaji Bersih Sebulan Buruh/Karyawan/Pegawai menurut Provinsi dan Lapangan Usaha di 17 Sektor,F Konstruksi,2025,Agustus,3057439,Rupiah,610024752073125190
KALIMANTAN BARAT,Rata-Rata Upah/Gaji Bersih Sebulan Buruh/Karyawan/Pegawai menurut Provinsi dan Lapangan Usaha di 17 Sektor,"G Perdagangan Besar dan Eceran, Reparasi Mobil dan Sepeda Motor",2025,Agustus,2359574,Rupiah,610024752074125190
KALIMANTAN BARAT,Rata-Rata Upah/Gaji Bersih Sebulan Buruh/Karyawan/Pegawai menurut Provinsi dan Lapangan Usaha di 17 Sektor,H Transportasi dan Pergudangan,2025,Agustus,3149551,Rupiah,610024752075125190
KALIMANTAN BARAT,Rata-Rata Upah/Gaji Bersih Sebulan Buruh/Karyawan/Pegawai menurut Provinsi dan Lapangan Usaha di 17 Sektor,I Penyediaan Akomodasi dan Makan Minum,2025,Agustus,1860241,Rupiah,610024752076125190
KALIMANTAN BARAT,Rata-Rata Upah/Gaji Bersih Sebulan Buruh/Karyawan/Pegawai menurut Provinsi dan Lapangan Usaha di 17 Sektor,J Informasi dan Komunikasi,2025,Agustus,2916679,Rupiah,610024752077125190
KALIMANTAN BARAT,Rata-Rata Upah/Gaji Bersih Sebulan Buruh/Karyawan/Pegawai menurut Provinsi dan Lapangan Usaha di 17 Sektor,K Jasa Keuangan dan Asuransi,2025,Agustus,4307032,Rupiah,610024752078125190
KALIMANTAN BARAT,Rata-Rata Upah/Gaji Bersih Sebulan Buruh/Karyawan/Pegawai menurut Provinsi dan Lapangan Usaha di 17 Sektor,L Real Estate,2025,Agustus,3808101,Rupiah,610024752079125190
KALIMANTAN BARAT,Rata-Rata Upah/Gaji Bersih Sebulan Buruh/Karyawan/Pegawai menurut Provinsi dan Lapangan Usaha di 17 Sektor,"M,N Jasa Perusahaan",2025,Agustus,2879945,Rupiah,610024752080125190
KALIMANTAN BARAT,Rata-Rata Upah/Gaji Bersih Sebulan Buruh/Karyawan/Pegawai menurut Provinsi dan Lapangan Usaha di 17 Sektor,"O Administrasi Pemerintahan, Pertahanan dan Jaminan Sosial Wajib",2025,Agustus,3993072,Rupiah,610024752081125190
KALIMANTAN BARAT,Rata-Rata Upah/Gaji Bersih Sebulan Buruh/Karyawan/Pegawai menurut Provinsi dan Lapangan Usaha di 17 Sektor,P Jasa Pendidikan,2025,Agustus,3043549,Rupiah,610024752082125190
KALIMANTAN BARAT,Rata-Rata Upah/Gaji Bersih Sebulan Buruh/Karyawan/Pegawai menurut Provinsi dan Lapangan Usaha di 17 Sektor,Q Jasa Kesehatan dan Kegiatan Sosial,2025,Agustus,3470610,Rupiah,610024752083125190
KALIMANTAN BARAT,Rata-Rata Upah/Gaji Bersih Sebulan Buruh/Karyawan/Pegawai menurut Provinsi dan Lapangan Usaha di 17 Sektor,"R,S,T,U Jasa Lainnya",2025,Agustus,1674115,Rupiah,610024752084125190
KALIMANTAN BARAT,Rata-Rata Upah/Gaji Bersih Sebulan Buruh/Karyawan/Pegawai menurut Provinsi dan Lapangan Usaha di 17 Sektor,Total,2025,Agustus,2972111,Rupiah,610024752085125190
KALIMANTAN TENGAH,Rata-Rata Upah/Gaji Bersih Sebulan Buruh/Karyawan/Pegawai menurut Provinsi dan Lapangan Usaha di 17 Sektor,"A Pertanian, Kehutanan dan Perikanan",2025,Februari,3258777,Rupiah,620024752068125189
KALIMANTAN TENGAH,Rata-Rata Upah/Gaji Bersih Sebulan Buruh/Karyawan/Pegawai menurut Provinsi dan Lapangan Usaha di 17 Sektor,"A Pertanian, Kehutanan dan Perikanan",2025,Agustus,3251951,Rupiah,620024752068125190
KALIMANTAN TENGAH,Rata-Rata Upah/Gaji Bersih Sebulan Buruh/Karyawan/Pegawai menurut Provinsi dan Lapangan Usaha di 17 Sektor,B Pertambangan dan Penggalian,2025,Februari,3738074,Rupiah,620024752069125189
KALIMANTAN TENGAH,Rata-Rata Upah/Gaji Bersih Sebulan Buruh/Karyawan/Pegawai menurut Provinsi dan Lapangan Usaha di 17 Sektor,B Pertambangan dan Penggalian,2025,Agustus,4253897,Rupiah,620024752069125190
KALIMANTAN TENGAH,Rata-Rata Upah/Gaji Bersih Sebulan Buruh/Karyawan/Pegawai menurut Provinsi dan Lapangan Usaha di 17 Sektor,C Industri Pengolahan,2025,Februari,3597888,Rupiah,620024752070125189
KALIMANTAN TENGAH,Rata-Rata Upah/Gaji Bersih Sebulan Buruh/Karyawan/Pegawai menurut Provinsi dan Lapangan Usaha di 17 Sektor,C Industri Pengolahan,2025,Agustus,3056312,Rupiah,620024752070125190
KALIMANTAN TENGAH,Rata-Rata Upah/Gaji Bersih Sebulan Buruh/Karyawan/Pegawai menurut Provinsi dan Lapangan Usaha di 17 Sektor,D Pengadaan Listrik dan Gas,2025,Agustus,3327363,Rupiah,620024752071125190
KALIMANTAN TENGAH,Rata-Rata Upah/Gaji Bersih Sebulan Buruh/Karyawan/Pegawai menurut Provinsi dan Lapangan Usaha di 17 Sektor,"E Pengadaan Air, Pengelolaan Sampah, Limbah dan Daur Ulang",2025,Agustus,3293592,Rupiah,620024752072125190
KALIMANTAN TENGAH,Rata-Rata Upah/Gaji Bersih Sebulan Buruh/Karyawan/Pegawai menurut Provinsi dan Lapangan Usaha di 17 Sektor,F Konstruksi,2025,Februari,3405909,Rupiah,620024752073125189
KALIMANTAN TENGAH,Rata-Rata Upah/Gaji Bersih Sebulan Buruh/Karyawan/Pegawai menurut Provinsi dan Lapangan Usaha di 17 Sektor,F Konstruksi,2025,Agustus,3716973,Rupiah,620024752073125190
KALIMANTAN TENGAH,Rata-Rata Upah/Gaji Bersih Sebulan Buruh/Karyawan/Pegawai menurut Provinsi dan Lapangan Usaha di 17 Sektor,"G Perdagangan Besar dan Eceran, Reparasi Mobil dan Sepeda Motor",2025,Februari,2599553,Rupiah,620024752074125189
KALIMANTAN TENGAH,Rata-Rata Upah/Gaji Bersih Sebulan Buruh/Karyawan/Pegawai menurut Provinsi dan Lapangan Usaha di 17 Sektor,"G Perdagangan Besar dan Eceran, Reparasi Mobil dan Sepeda Motor",2025,Agustus,2628652,Rupiah,620024752074125190
KALIMANTAN TENGAH,Rata-Rata Upah/Gaji Bersih Sebulan Buruh/Karyawan/Pegawai menurut Provinsi dan Lapangan Usaha di 17 Sektor,H Transportasi dan Pergudangan,2025,Februari,3496528,Rupiah,620024752075125189
KALIMANTAN TENGAH,Rata-Rata Upah/Gaji Bersih Sebulan Buruh/Karyawan/Pegawai menurut Provinsi dan Lapangan Usaha di 17 Sektor,H Transportasi dan Pergudangan,2025,Agustus,3688061,Rupiah,620024752075125190
KALIMANTAN TENGAH,Rata-Rata Upah/Gaji Bersih Sebulan Buruh/Karyawan/Pegawai menurut Provinsi dan Lapangan Usaha di 17 Sektor,I Penyediaan Akomodasi dan Makan Minum,2025,Februari,1843049,Rupiah,620024752076125189
KALIMANTAN TENGAH,Rata-Rata Upah/Gaji Bersih Sebulan Buruh/Karyawan/Pegawai menurut Provinsi dan Lapangan Usaha di 17 Sektor,I Penyediaan Akomodasi dan Makan Minum,2025,Agustus,1863206,Rupiah,620024752076125190
KALIMANTAN TENGAH,Rata-Rata Upah/Gaji Bersih Sebulan Buruh/Karyawan/Pegawai menurut Provinsi dan Lapangan Usaha di 17 Sektor,J Informasi dan Komunikasi,2025,Februari,3126628,Rupiah,620024752077125189
KALIMANTAN TENGAH,Rata-Rata Upah/Gaji Bersih Sebulan Buruh/Karyawan/Pegawai menurut Provinsi dan Lapangan Usaha di 17 Sektor,J Informasi dan Komunikasi,2025,Agustus,3439777,Rupiah,620024752077125190
KALIMANTAN TENGAH,Rata-Rata Upah/Gaji Bersih Sebulan Buruh/Karyawan/Pegawai menurut Provinsi dan Lapangan Usaha di 17 Sektor,K Jasa Keuangan dan Asuransi,2025,Februari,3793122,Rupiah,620024752078125189
KALIMANTAN TENGAH,Rata-Rata Upah/Gaji Bersih Sebulan Buruh/Karyawan/Pegawai menurut Provinsi dan Lapangan Usaha di 17 Sektor,K Jasa Keuangan dan Asuransi,2025,Agustus,4191035,Rupiah,620024752078125190
KALIMANTAN TENGAH,Rata-Rata Upah/Gaji Bersih Sebulan Buruh/Karyawan/Pegawai menurut Provinsi dan Lapangan Usaha di 17 Sektor,L Real Estate,2025,Agustus,3815629,Rupiah,620024752079125190
KALIMANTAN TENGAH,Rata-Rata Upah/Gaji Bersih Sebulan Buruh/Karyawan/Pegawai menurut Provinsi dan Lapangan Usaha di 17 Sektor,"M,N Jasa Perusahaan",2025,Februari,4210631,Rupiah,620024752080125189
KALIMANTAN TENGAH,Rata-Rata Upah/Gaji Bersih Sebulan Buruh/Karyawan/Pegawai menurut Provinsi dan Lapangan Usaha di 17 Sektor,"M,N Jasa Perusahaan",2025,Agustus,3255630,Rupiah,620024752080125190
KALIMANTAN TENGAH,Rata-Rata Upah/Gaji Bersih Sebulan Buruh/Karyawan/Pegawai menurut Provinsi dan Lapangan Usaha di 17 Sektor,"O Administrasi Pemerintahan, Pertahanan dan Jaminan Sosial Wajib",2025,Februari,3807420,Rupiah,620024752081125189
KALIMANTAN TENGAH,Rata-Rata Upah/Gaji Bersih Sebulan Buruh/Karyawan/Pegawai menurut Provinsi dan Lapangan Usaha di 17 Sektor,"O Administrasi Pemerintahan, Pertahanan dan Jaminan Sosial Wajib",2025,Agustus,3968065,Rupiah,620024752081125190
KALIMANTAN TENGAH,Rata-Rata Upah/Gaji Bersih Sebulan Buruh/Karyawan/Pegawai menurut Provinsi dan Lapangan Usaha di 17 Sektor,P Jasa Pendidikan,2025,Februari,2674274,Rupiah,620024752082125189
KALIMANTAN TENGAH,Rata-Rata Upah/Gaji Bersih Sebulan Buruh/Karyawan/Pegawai menurut Provinsi dan Lapangan Usaha di 17 Sektor,P Jasa Pendidikan,2025,Agustus,3343922,Rupiah,620024752082125190
KALIMANTAN TENGAH,Rata-Rata Upah/Gaji Bersih Sebulan Buruh/Karyawan/Pegawai menurut Provinsi dan Lapangan Usaha di 17 Sektor,Q Jasa Kesehatan dan Kegiatan Sosial,2025,Februari,3344359,Rupiah,620024752083125189
KALIMANTAN TENGAH,Rata-Rata Upah/Gaji Bersih Sebulan Buruh/Karyawan/Pegawai menurut Provinsi dan Lapangan Usaha di 17 Sektor,Q Jasa Kesehatan dan Kegiatan Sosial,2025,Agustus,3508598,Rupiah,620024752083125190
KALIMANTAN TENGAH,Rata-Rata Upah/Gaji Bersih Sebulan Buruh/Karyawan/Pegawai menurut Provinsi dan Lapangan Usaha di 17 Sektor,"R,S,T,U Jasa Lainnya",2025,Februari,1887723,Rupiah,620024752084125189
KALIMANTAN TENGAH,Rata-Rata Upah/Gaji Bersih Sebulan Buruh/Karyawan/Pegawai menurut Provinsi dan Lapangan Usaha di 17 Sektor,"R,S,T,U Jasa Lainnya",2025,Agustus,1934308,Rupiah,620024752084125190
KALIMANTAN TENGAH,Rata-Rata Upah/Gaji Bersih Sebulan Buruh/Karyawan/Pegawai menurut Provinsi dan Lapangan Usaha di 17 Sektor,Total,2025,Februari,3265545,Rupiah,620024752085125189
KALIMANTAN TENGAH,Rata-Rata Upah/Gaji Bersih Sebulan Buruh/Karyawan/Pegawai menurut Provinsi dan Lapangan Usaha di 17 Sektor,Total,2025,Agustus,3451676,Rupiah,620024752085125190
KALIMANTAN SELATAN,Rata-Rata Upah/Gaji Bersih Sebulan Buruh/Karyawan/Pegawai menurut Provinsi dan Lapangan Usaha di 17 Sektor,"A Pertanian, Kehutanan dan Perikanan",2025,Februari,3035775,Rupiah,630024752068125189
KALIMANTAN SELATAN,Rata-Rata Upah/Gaji Bersih Sebulan Buruh/Karyawan/Pegawai menurut Provinsi dan Lapangan Usaha di 17 Sektor,"A Pertanian, Kehutanan dan Perikanan",2025,Agustus,2937079,Rupiah,630024752068125190
KALIMANTAN SELATAN,Rata-Rata Upah/Gaji Bersih Sebulan Buruh/Karyawan/Pegawai menurut Provinsi dan Lapangan Usaha di 17 Sektor,B Pertambangan dan Penggalian,2025,Februari,5751119,Rupiah,630024752069125189
KALIMANTAN SELATAN,Rata-Rata Upah/Gaji Bersih Sebulan Buruh/Karyawan/Pegawai menurut Provinsi dan Lapangan Usaha di 17 Sektor,B Pertambangan dan Penggalian,2025,Agustus,4975706,Rupiah,630024752069125190
KALIMANTAN SELATAN,Rata-Rata Upah/Gaji Bersih Sebulan Buruh/Karyawan/Pegawai menurut Provinsi dan Lapangan Usaha di 17 Sektor,C Industri Pengolahan,2025,Februari,2843292,Rupiah,630024752070125189
KALIMANTAN SELATAN,Rata-Rata Upah/Gaji Bersih Sebulan Buruh/Karyawan/Pegawai menurut Provinsi dan Lapangan Usaha di 17 Sektor,C Industri Pengolahan,2025,Agustus,2691398,Rupiah,630024752070125190
KALIMANTAN SELATAN,Rata-Rata Upah/Gaji Bersih Sebulan Buruh/Karyawan/Pegawai menurut Provinsi dan Lapangan Usaha di 17 Sektor,D Pengadaan Listrik dan Gas,2025,Februari,3559309,Rupiah,630024752071125189
KALIMANTAN SELATAN,Rata-Rata Upah/Gaji Bersih Sebulan Buruh/Karyawan/Pegawai menurut Provinsi dan Lapangan Usaha di 17 Sektor,D Pengadaan Listrik dan Gas,2025,Agustus,4572661,Rupiah,630024752071125190
KALIMANTAN SELATAN,Rata-Rata Upah/Gaji Bersih Sebulan Buruh/Karyawan/Pegawai menurut Provinsi dan Lapangan Usaha di 17 Sektor,"E Pengadaan Air, Pengelolaan Sampah, Limbah dan Daur Ulang",2025,Februari,3179460,Rupiah,630024752072125189
KALIMANTAN SELATAN,Rata-Rata Upah/Gaji Bersih Sebulan Buruh/Karyawan/Pegawai menurut Provinsi dan Lapangan Usaha di 17 Sektor,"E Pengadaan Air, Pengelolaan Sampah, Limbah dan Daur Ulang",2025,Agustus,3145805,Rupiah,630024752072125190
KALIMANTAN SELATAN,Rata-Rata Upah/Gaji Bersih Sebulan Buruh/Karyawan/Pegawai menurut Provinsi dan Lapangan Usaha di 17 Sektor,F Konstruksi,2025,Februari,2830726,Rupiah,630024752073125189
KALIMANTAN SELATAN,Rata-Rata Upah/Gaji Bersih Sebulan Buruh/Karyawan/Pegawai menurut Provinsi dan Lapangan Usaha di 17 Sektor,F Konstruksi,2025,Agustus,2849386,Rupiah,630024752073125190
KALIMANTAN SELATAN,Rata-Rata Upah/Gaji Bersih Sebulan Buruh/Karyawan/Pegawai menurut Provinsi dan Lapangan Usaha di 17 Sektor,"G Perdagangan Besar dan Eceran, Reparasi Mobil dan Sepeda Motor",2025,Februari,2698785,Rupiah,630024752074125189
KALIMANTAN SELATAN,Rata-Rata Upah/Gaji Bersih Sebulan Buruh/Karyawan/Pegawai menurut Provinsi dan Lapangan Usaha di 17 Sektor,"G Perdagangan Besar dan Eceran, Reparasi Mobil dan Sepeda Motor",2025,Agustus,2622960,Rupiah,630024752074125190
KALIMANTAN SELATAN,Rata-Rata Upah/Gaji Bersih Sebulan Buruh/Karyawan/Pegawai menurut Provinsi dan Lapangan Usaha di 17 Sektor,H Transportasi dan Pergudangan,2025,Februari,3218662,Rupiah,630024752075125189
KALIMANTAN SELATAN,Rata-Rata Upah/Gaji Bersih Sebulan Buruh/Karyawan/Pegawai menurut Provinsi dan Lapangan Usaha di 17 Sektor,H Transportasi dan Pergudangan,2025,Agustus,3486402,Rupiah,630024752075125190
KALIMANTAN SELATAN,Rata-Rata Upah/Gaji Bersih Sebulan Buruh/Karyawan/Pegawai menurut Provinsi dan Lapangan Usaha di 17 Sektor,I Penyediaan Akomodasi dan Makan Minum,2025,Februari,2137971,Rupiah,630024752076125189
KALIMANTAN SELATAN,Rata-Rata Upah/Gaji Bersih Sebulan Buruh/Karyawan/Pegawai menurut Provinsi dan Lapangan Usaha di 17 Sektor,I Penyediaan Akomodasi dan Makan Minum,2025,Agustus,2013760,Rupiah,630024752076125190
KALIMANTAN SELATAN,Rata-Rata Upah/Gaji Bersih Sebulan Buruh/Karyawan/Pegawai menurut Provinsi dan Lapangan Usaha di 17 Sektor,J Informasi dan Komunikasi,2025,Februari,3574904,Rupiah,630024752077125189
KALIMANTAN SELATAN,Rata-Rata Upah/Gaji Bersih Sebulan Buruh/Karyawan/Pegawai menurut Provinsi dan Lapangan Usaha di 17 Sektor,J Informasi dan Komunikasi,2025,Agustus,2621703,Rupiah,630024752077125190
KALIMANTAN SELATAN,Rata-Rata Upah/Gaji Bersih Sebulan Buruh/Karyawan/Pegawai menurut Provinsi dan Lapangan Usaha di 17 Sektor,K Jasa Keuangan dan Asuransi,2025,Februari,4254088,Rupiah,630024752078125189
KALIMANTAN SELATAN,Rata-Rata Upah/Gaji Bersih Sebulan Buruh/Karyawan/Pegawai menurut Provinsi dan Lapangan Usaha di 17 Sektor,K Jasa Keuangan dan Asuransi,2025,Agustus,4342735,Rupiah,630024752078125190
KALIMANTAN SELATAN,Rata-Rata Upah/Gaji Bersih Sebulan Buruh/Karyawan/Pegawai menurut Provinsi dan Lapangan Usaha di 17 Sektor,L Real Estate,2025,Februari,4455510,Rupiah,630024752079125189
KALIMANTAN SELATAN,Rata-Rata Upah/Gaji Bersih Sebulan Buruh/Karyawan/Pegawai menurut Provinsi dan Lapangan Usaha di 17 Sektor,L Real Estate,2025,Agustus,4003719,Rupiah,630024752079125190
KALIMANTAN SELATAN,Rata-Rata Upah/Gaji Bersih Sebulan Buruh/Karyawan/Pegawai menurut Provinsi dan Lapangan Usaha di 17 Sektor,"M,N Jasa Perusahaan",2025,Februari,3320489,Rupiah,630024752080125189
KALIMANTAN SELATAN,Rata-Rata Upah/Gaji Bersih Sebulan Buruh/Karyawan/Pegawai menurut Provinsi dan Lapangan Usaha di 17 Sektor,"M,N Jasa Perusahaan",2025,Agustus,3324262,Rupiah,630024752080125190
KALIMANTAN SELATAN,Rata-Rata Upah/Gaji Bersih Sebulan Buruh/Karyawan/Pegawai menurut Provinsi dan Lapangan Usaha di 17 Sektor,"O Administrasi Pemerintahan, Pertahanan dan Jaminan Sosial Wajib",2025,Februari,3604765,Rupiah,630024752081125189
KALIMANTAN SELATAN,Rata-Rata Upah/Gaji Bersih Sebulan Buruh/Karyawan/Pegawai menurut Provinsi dan Lapangan Usaha di 17 Sektor,"O Administrasi Pemerintahan, Pertahanan dan Jaminan Sosial Wajib",2025,Agustus,4023449,Rupiah,630024752081125190
KALIMANTAN SELATAN,Rata-Rata Upah/Gaji Bersih Sebulan Buruh/Karyawan/Pegawai menurut Provinsi dan Lapangan Usaha di 17 Sektor,P Jasa Pendidikan,2025,Februari,2554005,Rupiah,630024752082125189
KALIMANTAN SELATAN,Rata-Rata Upah/Gaji Bersih Sebulan Buruh/Karyawan/Pegawai menurut Provinsi dan Lapangan Usaha di 17 Sektor,P Jasa Pendidikan,2025,Agustus,2965062,Rupiah,630024752082125190
KALIMANTAN SELATAN,Rata-Rata Upah/Gaji Bersih Sebulan Buruh/Karyawan/Pegawai menurut Provinsi dan Lapangan Usaha di 17 Sektor,Q Jasa Kesehatan dan Kegiatan Sosial,2025,Februari,3752929,Rupiah,630024752083125189
KALIMANTAN SELATAN,Rata-Rata Upah/Gaji Bersih Sebulan Buruh/Karyawan/Pegawai menurut Provinsi dan Lapangan Usaha di 17 Sektor,Q Jasa Kesehatan dan Kegiatan Sosial,2025,Agustus,3165500,Rupiah,630024752083125190
KALIMANTAN SELATAN,Rata-Rata Upah/Gaji Bersih Sebulan Buruh/Karyawan/Pegawai menurut Provinsi dan Lapangan Usaha di 17 Sektor,"R,S,T,U Jasa Lainnya",2025,Februari,1744976,Rupiah,630024752084125189
KALIMANTAN SELATAN,Rata-Rata Upah/Gaji Bersih Sebulan Buruh/Karyawan/Pegawai menurut Provinsi dan Lapangan Usaha di 17 Sektor,"R,S,T,U Jasa Lainnya",2025,Agustus,1514354,Rupiah,630024752084125190
KALIMANTAN SELATAN,Rata-Rata Upah/Gaji Bersih Sebulan Buruh/Karyawan/Pegawai menurut Provinsi dan Lapangan Usaha di 17 Sektor,Total,2025,Februari,3269734,Rupiah,630024752085125189
KALIMANTAN SELATAN,Rata-Rata Upah/Gaji Bersih Sebulan Buruh/Karyawan/Pegawai menurut Provinsi dan Lapangan Usaha di 17 Sektor,Total,2025,Agustus,3164480,Rupiah,630024752085125190
KALIMANTAN TIMUR,Rata-Rata Upah/Gaji Bersih Sebulan Buruh/Karyawan/Pegawai menurut Provinsi dan Lapangan Usaha di 17 Sektor,"A Pertanian, Kehutanan dan Perikanan",2025,Februari,3887382,Rupiah,640024752068125189
KALIMANTAN TIMUR,Rata-Rata Upah/Gaji Bersih Sebulan Buruh/Karyawan/Pegawai menurut Provinsi dan Lapangan Usaha di 17 Sektor,"A Pertanian, Kehutanan dan Perikanan",2025,Agustus,4437670,Rupiah,640024752068125190
KALIMANTAN TIMUR,Rata-Rata Upah/Gaji Bersih Sebulan Buruh/Karyawan/Pegawai menurut Provinsi dan Lapangan Usaha di 17 Sektor,B Pertambangan dan Penggalian,2025,Februari,6489701,Rupiah,640024752069125189
KALIMANTAN TIMUR,Rata-Rata Upah/Gaji Bersih Sebulan Buruh/Karyawan/Pegawai menurut Provinsi dan Lapangan Usaha di 17 Sektor,B Pertambangan dan Penggalian,2025,Agustus,6632753,Rupiah,640024752069125190
KALIMANTAN TIMUR,Rata-Rata Upah/Gaji Bersih Sebulan Buruh/Karyawan/Pegawai menurut Provinsi dan Lapangan Usaha di 17 Sektor,C Industri Pengolahan,2025,Februari,5028169,Rupiah,640024752070125189
KALIMANTAN TIMUR,Rata-Rata Upah/Gaji Bersih Sebulan Buruh/Karyawan/Pegawai menurut Provinsi dan Lapangan Usaha di 17 Sektor,C Industri Pengolahan,2025,Agustus,4978610,Rupiah,640024752070125190
KALIMANTAN TIMUR,Rata-Rata Upah/Gaji Bersih Sebulan Buruh/Karyawan/Pegawai menurut Provinsi dan Lapangan Usaha di 17 Sektor,D Pengadaan Listrik dan Gas,2025,Februari,6162315,Rupiah,640024752071125189
KALIMANTAN TIMUR,Rata-Rata Upah/Gaji Bersih Sebulan Buruh/Karyawan/Pegawai menurut Provinsi dan Lapangan Usaha di 17 Sektor,D Pengadaan Listrik dan Gas,2025,Agustus,5393154,Rupiah,640024752071125190
KALIMANTAN TIMUR,Rata-Rata Upah/Gaji Bersih Sebulan Buruh/Karyawan/Pegawai menurut Provinsi dan Lapangan Usaha di 17 Sektor,"E Pengadaan Air, Pengelolaan Sampah, Limbah dan Daur Ulang",2025,Februari,4655096,Rupiah,640024752072125189
KALIMANTAN TIMUR,Rata-Rata Upah/Gaji Bersih Sebulan Buruh/Karyawan/Pegawai menurut Provinsi dan Lapangan Usaha di 17 Sektor,"E Pengadaan Air, Pengelolaan Sampah, Limbah dan Daur Ulang",2025,Agustus,5007179,Rupiah,640024752072125190
KALIMANTAN TIMUR,Rata-Rata Upah/Gaji Bersih Sebulan Buruh/Karyawan/Pegawai menurut Provinsi dan Lapangan Usaha di 17 Sektor,F Konstruksi,2025,Februari,4466353,Rupiah,640024752073125189
KALIMANTAN TIMUR,Rata-Rata Upah/Gaji Bersih Sebulan Buruh/Karyawan/Pegawai menurut Provinsi dan Lapangan Usaha di 17 Sektor,F Konstruksi,2025,Agustus,4361213,Rupiah,640024752073125190
KALIMANTAN TIMUR,Rata-Rata Upah/Gaji Bersih Sebulan Buruh/Karyawan/Pegawai menurut Provinsi dan Lapangan Usaha di 17 Sektor,"G Perdagangan Besar dan Eceran, Reparasi Mobil dan Sepeda Motor",2025,Februari,3354539,Rupiah,640024752074125189
KALIMANTAN TIMUR,Rata-Rata Upah/Gaji Bersih Sebulan Buruh/Karyawan/Pegawai menurut Provinsi dan Lapangan Usaha di 17 Sektor,"G Perdagangan Besar dan Eceran, Reparasi Mobil dan Sepeda Motor",2025,Agustus,3297589,Rupiah,640024752074125190
KALIMANTAN TIMUR,Rata-Rata Upah/Gaji Bersih Sebulan Buruh/Karyawan/Pegawai menurut Provinsi dan Lapangan Usaha di 17 Sektor,H Transportasi dan Pergudangan,2025,Februari,3624716,Rupiah,640024752075125189
KALIMANTAN TIMUR,Rata-Rata Upah/Gaji Bersih Sebulan Buruh/Karyawan/Pegawai menurut Provinsi dan Lapangan Usaha di 17 Sektor,H Transportasi dan Pergudangan,2025,Agustus,4801768,Rupiah,640024752075125190
KALIMANTAN TIMUR,Rata-Rata Upah/Gaji Bersih Sebulan Buruh/Karyawan/Pegawai menurut Provinsi dan Lapangan Usaha di 17 Sektor,I Penyediaan Akomodasi dan Makan Minum,2025,Februari,2504371,Rupiah,640024752076125189
KALIMANTAN TIMUR,Rata-Rata Upah/Gaji Bersih Sebulan Buruh/Karyawan/Pegawai menurut Provinsi dan Lapangan Usaha di 17 Sektor,I Penyediaan Akomodasi dan Makan Minum,2025,Agustus,2315557,Rupiah,640024752076125190
KALIMANTAN TIMUR,Rata-Rata Upah/Gaji Bersih Sebulan Buruh/Karyawan/Pegawai menurut Provinsi dan Lapangan Usaha di 17 Sektor,J Informasi dan Komunikasi,2025,Februari,4533142,Rupiah,640024752077125189
KALIMANTAN TIMUR,Rata-Rata Upah/Gaji Bersih Sebulan Buruh/Karyawan/Pegawai menurut Provinsi dan Lapangan Usaha di 17 Sektor,J Informasi dan Komunikasi,2025,Agustus,4667589,Rupiah,640024752077125190
KALIMANTAN TIMUR,Rata-Rata Upah/Gaji Bersih Sebulan Buruh/Karyawan/Pegawai menurut Provinsi dan Lapangan Usaha di 17 Sektor,K Jasa Keuangan dan Asuransi,2025,Februari,5574507,Rupiah,640024752078125189
KALIMANTAN TIMUR,Rata-Rata Upah/Gaji Bersih Sebulan Buruh/Karyawan/Pegawai menurut Provinsi dan Lapangan Usaha di 17 Sektor,K Jasa Keuangan dan Asuransi,2025,Agustus,4876634,Rupiah,640024752078125190
KALIMANTAN TIMUR,Rata-Rata Upah/Gaji Bersih Sebulan Buruh/Karyawan/Pegawai menurut Provinsi dan Lapangan Usaha di 17 Sektor,L Real Estate,2025,Februari,7057790,Rupiah,640024752079125189
KALIMANTAN TIMUR,Rata-Rata Upah/Gaji Bersih Sebulan Buruh/Karyawan/Pegawai menurut Provinsi dan Lapangan Usaha di 17 Sektor,L Real Estate,2025,Agustus,3407516,Rupiah,640024752079125190
KALIMANTAN TIMUR,Rata-Rata Upah/Gaji Bersih Sebulan Buruh/Karyawan/Pegawai menurut Provinsi dan Lapangan Usaha di 17 Sektor,"M,N Jasa Perusahaan",2025,Februari,4541537,Rupiah,640024752080125189
KALIMANTAN TIMUR,Rata-Rata Upah/Gaji Bersih Sebulan Buruh/Karyawan/Pegawai menurut Provinsi dan Lapangan Usaha di 17 Sektor,"M,N Jasa Perusahaan",2025,Agustus,4561042,Rupiah,640024752080125190
KALIMANTAN TIMUR,Rata-Rata Upah/Gaji Bersih Sebulan Buruh/Karyawan/Pegawai menurut Provinsi dan Lapangan Usaha di 17 Sektor,"O Administrasi Pemerintahan, Pertahanan dan Jaminan Sosial Wajib",2025,Februari,4694130,Rupiah,640024752081125189
KALIMANTAN TIMUR,Rata-Rata Upah/Gaji Bersih Sebulan Buruh/Karyawan/Pegawai menurut Provinsi dan Lapangan Usaha di 17 Sektor,"O Administrasi Pemerintahan, Pertahanan dan Jaminan Sosial Wajib",2025,Agustus,4577903,Rupiah,640024752081125190
KALIMANTAN TIMUR,Rata-Rata Upah/Gaji Bersih Sebulan Buruh/Karyawan/Pegawai menurut Provinsi dan Lapangan Usaha di 17 Sektor,P Jasa Pendidikan,2025,Februari,3305832,Rupiah,640024752082125189
KALIMANTAN TIMUR,Rata-Rata Upah/Gaji Bersih Sebulan Buruh/Karyawan/Pegawai menurut Provinsi dan Lapangan Usaha di 17 Sektor,P Jasa Pendidikan,2025,Agustus,3925394,Rupiah,640024752082125190
KALIMANTAN TIMUR,Rata-Rata Upah/Gaji Bersih Sebulan Buruh/Karyawan/Pegawai menurut Provinsi dan Lapangan Usaha di 17 Sektor,Q Jasa Kesehatan dan Kegiatan Sosial,2025,Februari,4037153,Rupiah,640024752083125189
KALIMANTAN TIMUR,Rata-Rata Upah/Gaji Bersih Sebulan Buruh/Karyawan/Pegawai menurut Provinsi dan Lapangan Usaha di 17 Sektor,Q Jasa Kesehatan dan Kegiatan Sosial,2025,Agustus,4361425,Rupiah,640024752083125190
KALIMANTAN TIMUR,Rata-Rata Upah/Gaji Bersih Sebulan Buruh/Karyawan/Pegawai menurut Provinsi dan Lapangan Usaha di 17 Sektor,"R,S,T,U Jasa Lainnya",2025,Februari,2221086,Rupiah,640024752084125189
KALIMANTAN TIMUR,Rata-Rata Upah/Gaji Bersih Sebulan Buruh/Karyawan/Pegawai menurut Provinsi dan Lapangan Usaha di 17 Sektor,"R,S,T,U Jasa Lainnya",2025,Agustus,2166722,Rupiah,640024752084125190
KALIMANTAN TIMUR,Rata-Rata Upah/Gaji Bersih Sebulan Buruh/Karyawan/Pegawai menurut Provinsi dan Lapangan Usaha di 17 Sektor,Total,2025,Februari,4439658,Rupiah,640024752085125189
KALIMANTAN TIMUR,Rata-Rata Upah/Gaji Bersih Sebulan Buruh/Karyawan/Pegawai menurut Provinsi dan Lapangan Usaha di 17 Sektor,Total,2025,Agustus,4475944,Rupiah,640024752085125190
KALIMANTAN UTARA,Rata-Rata Upah/Gaji Bersih Sebulan Buruh/Karyawan/Pegawai menurut Provinsi dan Lapangan Usaha di 17 Sektor,"A Pertanian, Kehutanan dan Perikanan",2025,Februari,4553107,Rupiah,650024752068125189
KALIMANTAN UTARA,Rata-Rata Upah/Gaji Bersih Sebulan Buruh/Karyawan/Pegawai menurut Provinsi dan Lapangan Usaha di 17 Sektor,"A Pertanian, Kehutanan dan Perikanan",2025,Agustus,2987674,Rupiah,650024752068125190
KALIMANTAN UTARA,Rata-Rata Upah/Gaji Bersih Sebulan Buruh/Karyawan/Pegawai menurut Provinsi dan Lapangan Usaha di 17 Sektor,B Pertambangan dan Penggalian,2025,Februari,5602212,Rupiah,650024752069125189
KALIMANTAN UTARA,Rata-Rata Upah/Gaji Bersih Sebulan Buruh/Karyawan/Pegawai menurut Provinsi dan Lapangan Usaha di 17 Sektor,B Pertambangan dan Penggalian,2025,Agustus,5748893,Rupiah,650024752069125190
KALIMANTAN UTARA,Rata-Rata Upah/Gaji Bersih Sebulan Buruh/Karyawan/Pegawai menurut Provinsi dan Lapangan Usaha di 17 Sektor,C Industri Pengolahan,2025,Februari,4188220,Rupiah,650024752070125189
KALIMANTAN UTARA,Rata-Rata Upah/Gaji Bersih Sebulan Buruh/Karyawan/Pegawai menurut Provinsi dan Lapangan Usaha di 17 Sektor,C Industri Pengolahan,2025,Agustus,3925506,Rupiah,650024752070125190
KALIMANTAN UTARA,Rata-Rata Upah/Gaji Bersih Sebulan Buruh/Karyawan/Pegawai menurut Provinsi dan Lapangan Usaha di 17 Sektor,D Pengadaan Listrik dan Gas,2025,Februari,4456038,Rupiah,650024752071125189
KALIMANTAN UTARA,Rata-Rata Upah/Gaji Bersih Sebulan Buruh/Karyawan/Pegawai menurut Provinsi dan Lapangan Usaha di 17 Sektor,D Pengadaan Listrik dan Gas,2025,Agustus,4061738,Rupiah,650024752071125190
KALIMANTAN UTARA,Rata-Rata Upah/Gaji Bersih Sebulan Buruh/Karyawan/Pegawai menurut Provinsi dan Lapangan Usaha di 17 Sektor,"E Pengadaan Air, Pengelolaan Sampah, Limbah dan Daur Ulang",2025,Agustus,4595745,Rupiah,650024752072125190
KALIMANTAN UTARA,Rata-Rata Upah/Gaji Bersih Sebulan Buruh/Karyawan/Pegawai menurut Provinsi dan Lapangan Usaha di 17 Sektor,F Konstruksi,2025,Februari,4750109,Rupiah,650024752073125189
KALIMANTAN UTARA,Rata-Rata Upah/Gaji Bersih Sebulan Buruh/Karyawan/Pegawai menurut Provinsi dan Lapangan Usaha di 17 Sektor,F Konstruksi,2025,Agustus,2973695,Rupiah,650024752073125190
KALIMANTAN UTARA,Rata-Rata Upah/Gaji Bersih Sebulan Buruh/Karyawan/Pegawai menurut Provinsi dan Lapangan Usaha di 17 Sektor,"G Perdagangan Besar dan Eceran, Reparasi Mobil dan Sepeda Motor",2025,Februari,4370238,Rupiah,650024752074125189
KALIMANTAN UTARA,Rata-Rata Upah/Gaji Bersih Sebulan Buruh/Karyawan/Pegawai menurut Provinsi dan Lapangan Usaha di 17 Sektor,"G Perdagangan Besar dan Eceran, Reparasi Mobil dan Sepeda Motor",2025,Agustus,2389231,Rupiah,650024752074125190
KALIMANTAN UTARA,Rata-Rata Upah/Gaji Bersih Sebulan Buruh/Karyawan/Pegawai menurut Provinsi dan Lapangan Usaha di 17 Sektor,H Transportasi dan Pergudangan,2025,Februari,2813051,Rupiah,650024752075125189
KALIMANTAN UTARA,Rata-Rata Upah/Gaji Bersih Sebulan Buruh/Karyawan/Pegawai menurut Provinsi dan Lapangan Usaha di 17 Sektor,H Transportasi dan Pergudangan,2025,Agustus,2856504,Rupiah,650024752075125190
KALIMANTAN UTARA,Rata-Rata Upah/Gaji Bersih Sebulan Buruh/Karyawan/Pegawai menurut Provinsi dan Lapangan Usaha di 17 Sektor,I Penyediaan Akomodasi dan Makan Minum,2025,Februari,1850174,Rupiah,650024752076125189
KALIMANTAN UTARA,Rata-Rata Upah/Gaji Bersih Sebulan Buruh/Karyawan/Pegawai menurut Provinsi dan Lapangan Usaha di 17 Sektor,I Penyediaan Akomodasi dan Makan Minum,2025,Agustus,2010970,Rupiah,650024752076125190
KALIMANTAN UTARA,Rata-Rata Upah/Gaji Bersih Sebulan Buruh/Karyawan/Pegawai menurut Provinsi dan Lapangan Usaha di 17 Sektor,J Informasi dan Komunikasi,2025,Agustus,3897355,Rupiah,650024752077125190
KALIMANTAN UTARA,Rata-Rata Upah/Gaji Bersih Sebulan Buruh/Karyawan/Pegawai menurut Provinsi dan Lapangan Usaha di 17 Sektor,K Jasa Keuangan dan Asuransi,2025,Februari,3609740,Rupiah,650024752078125189
KALIMANTAN UTARA,Rata-Rata Upah/Gaji Bersih Sebulan Buruh/Karyawan/Pegawai menurut Provinsi dan Lapangan Usaha di 17 Sektor,K Jasa Keuangan dan Asuransi,2025,Agustus,5132038,Rupiah,650024752078125190
KALIMANTAN UTARA,Rata-Rata Upah/Gaji Bersih Sebulan Buruh/Karyawan/Pegawai menurut Provinsi dan Lapangan Usaha di 17 Sektor,L Real Estate,2025,Agustus,4736908,Rupiah,650024752079125190
KALIMANTAN UTARA,Rata-Rata Upah/Gaji Bersih Sebulan Buruh/Karyawan/Pegawai menurut Provinsi dan Lapangan Usaha di 17 Sektor,"M,N Jasa Perusahaan",2025,Februari,3318583,Rupiah,650024752080125189
KALIMANTAN UTARA,Rata-Rata Upah/Gaji Bersih Sebulan Buruh/Karyawan/Pegawai menurut Provinsi dan Lapangan Usaha di 17 Sektor,"M,N Jasa Perusahaan",2025,Agustus,3685325,Rupiah,650024752080125190
KALIMANTAN UTARA,Rata-Rata Upah/Gaji Bersih Sebulan Buruh/Karyawan/Pegawai menurut Provinsi dan Lapangan Usaha di 17 Sektor,"O Administrasi Pemerintahan, Pertahanan dan Jaminan Sosial Wajib",2025,Februari,4932934,Rupiah,650024752081125189
KALIMANTAN UTARA,Rata-Rata Upah/Gaji Bersih Sebulan Buruh/Karyawan/Pegawai menurut Provinsi dan Lapangan Usaha di 17 Sektor,"O Administrasi Pemerintahan, Pertahanan dan Jaminan Sosial Wajib",2025,Agustus,4647506,Rupiah,650024752081125190
KALIMANTAN UTARA,Rata-Rata Upah/Gaji Bersih Sebulan Buruh/Karyawan/Pegawai menurut Provinsi dan Lapangan Usaha di 17 Sektor,P Jasa Pendidikan,2025,Februari,3991950,Rupiah,650024752082125189
KALIMANTAN UTARA,Rata-Rata Upah/Gaji Bersih Sebulan Buruh/Karyawan/Pegawai menurut Provinsi dan Lapangan Usaha di 17 Sektor,P Jasa Pendidikan,2025,Agustus,3733868,Rupiah,650024752082125190
KALIMANTAN UTARA,Rata-Rata Upah/Gaji Bersih Sebulan Buruh/Karyawan/Pegawai menurut Provinsi dan Lapangan Usaha di 17 Sektor,Q Jasa Kesehatan dan Kegiatan Sosial,2025,Februari,4965989,Rupiah,650024752083125189
KALIMANTAN UTARA,Rata-Rata Upah/Gaji Bersih Sebulan Buruh/Karyawan/Pegawai menurut Provinsi dan Lapangan Usaha di 17 Sektor,Q Jasa Kesehatan dan Kegiatan Sosial,2025,Agustus,3863921,Rupiah,650024752083125190
KALIMANTAN UTARA,Rata-Rata Upah/Gaji Bersih Sebulan Buruh/Karyawan/Pegawai menurut Provinsi dan Lapangan Usaha di 17 Sektor,"R,S,T,U Jasa Lainnya",2025,Februari,1618646,Rupiah,650024752084125189
KALIMANTAN UTARA,Rata-Rata Upah/Gaji Bersih Sebulan Buruh/Karyawan/Pegawai menurut Provinsi dan Lapangan Usaha di 17 Sektor,"R,S,T,U Jasa Lainnya",2025,Agustus,1937383,Rupiah,650024752084125190
KALIMANTAN UTARA,Rata-Rata Upah/Gaji Bersih Sebulan Buruh/Karyawan/Pegawai menurut Provinsi dan Lapangan Usaha di 17 Sektor,Total,2025,Februari,4355707,Rupiah,650024752085125189
KALIMANTAN UTARA,Rata-Rata Upah/Gaji Bersih Sebulan Buruh/Karyawan/Pegawai menurut Provinsi dan Lapangan Usaha di 17 Sektor,Total,2025,Agustus,3675921,Rupiah,650024752085125190
SULAWESI UTARA,Rata-Rata Upah/Gaji Bersih Sebulan Buruh/Karyawan/Pegawai menurut Provinsi dan Lapangan Usaha di 17 Sektor,"A Pertanian, Kehutanan dan Perikanan",2025,Februari,2305697,Rupiah,710024752068125189
SULAWESI UTARA,Rata-Rata Upah/Gaji Bersih Sebulan Buruh/Karyawan/Pegawai menurut Provinsi dan Lapangan Usaha di 17 Sektor,"A Pertanian, Kehutanan dan Perikanan",2025,Agustus,2707401,Rupiah,710024752068125190
SULAWESI UTARA,Rata-Rata Upah/Gaji Bersih Sebulan Buruh/Karyawan/Pegawai menurut Provinsi dan Lapangan Usaha di 17 Sektor,B Pertambangan dan Penggalian,2025,Februari,3821263,Rupiah,710024752069125189
SULAWESI UTARA,Rata-Rata Upah/Gaji Bersih Sebulan Buruh/Karyawan/Pegawai menurut Provinsi dan Lapangan Usaha di 17 Sektor,B Pertambangan dan Penggalian,2025,Agustus,4307039,Rupiah,710024752069125190
SULAWESI UTARA,Rata-Rata Upah/Gaji Bersih Sebulan Buruh/Karyawan/Pegawai menurut Provinsi dan Lapangan Usaha di 17 Sektor,C Industri Pengolahan,2025,Februari,2970249,Rupiah,710024752070125189
SULAWESI UTARA,Rata-Rata Upah/Gaji Bersih Sebulan Buruh/Karyawan/Pegawai menurut Provinsi dan Lapangan Usaha di 17 Sektor,C Industri Pengolahan,2025,Agustus,3044227,Rupiah,710024752070125190
SULAWESI UTARA,Rata-Rata Upah/Gaji Bersih Sebulan Buruh/Karyawan/Pegawai menurut Provinsi dan Lapangan Usaha di 17 Sektor,D Pengadaan Listrik dan Gas,2025,Februari,4203005,Rupiah,710024752071125189
SULAWESI UTARA,Rata-Rata Upah/Gaji Bersih Sebulan Buruh/Karyawan/Pegawai menurut Provinsi dan Lapangan Usaha di 17 Sektor,D Pengadaan Listrik dan Gas,2025,Agustus,4634203,Rupiah,710024752071125190
SULAWESI UTARA,Rata-Rata Upah/Gaji Bersih Sebulan Buruh/Karyawan/Pegawai menurut Provinsi dan Lapangan Usaha di 17 Sektor,"E Pengadaan Air, Pengelolaan Sampah, Limbah dan Daur Ulang",2025,Februari,4304239,Rupiah,710024752072125189
SULAWESI UTARA,Rata-Rata Upah/Gaji Bersih Sebulan Buruh/Karyawan/Pegawai menurut Provinsi dan Lapangan Usaha di 17 Sektor,"E Pengadaan Air, Pengelolaan Sampah, Limbah dan Daur Ulang",2025,Agustus,2964738,Rupiah,710024752072125190
SULAWESI UTARA,Rata-Rata Upah/Gaji Bersih Sebulan Buruh/Karyawan/Pegawai menurut Provinsi dan Lapangan Usaha di 17 Sektor,F Konstruksi,2025,Februari,3009753,Rupiah,710024752073125189
SULAWESI UTARA,Rata-Rata Upah/Gaji Bersih Sebulan Buruh/Karyawan/Pegawai menurut Provinsi dan Lapangan Usaha di 17 Sektor,F Konstruksi,2025,Agustus,3163919,Rupiah,710024752073125190
SULAWESI UTARA,Rata-Rata Upah/Gaji Bersih Sebulan Buruh/Karyawan/Pegawai menurut Provinsi dan Lapangan Usaha di 17 Sektor,"G Perdagangan Besar dan Eceran, Reparasi Mobil dan Sepeda Motor",2025,Februari,3451381,Rupiah,710024752074125189
SULAWESI UTARA,Rata-Rata Upah/Gaji Bersih Sebulan Buruh/Karyawan/Pegawai menurut Provinsi dan Lapangan Usaha di 17 Sektor,"G Perdagangan Besar dan Eceran, Reparasi Mobil dan Sepeda Motor",2025,Agustus,3016364,Rupiah,710024752074125190
SULAWESI UTARA,Rata-Rata Upah/Gaji Bersih Sebulan Buruh/Karyawan/Pegawai menurut Provinsi dan Lapangan Usaha di 17 Sektor,H Transportasi dan Pergudangan,2025,Februari,3661433,Rupiah,710024752075125189
SULAWESI UTARA,Rata-Rata Upah/Gaji Bersih Sebulan Buruh/Karyawan/Pegawai menurut Provinsi dan Lapangan Usaha di 17 Sektor,H Transportasi dan Pergudangan,2025,Agustus,3795138,Rupiah,710024752075125190
SULAWESI UTARA,Rata-Rata Upah/Gaji Bersih Sebulan Buruh/Karyawan/Pegawai menurut Provinsi dan Lapangan Usaha di 17 Sektor,I Penyediaan Akomodasi dan Makan Minum,2025,Februari,2493369,Rupiah,710024752076125189
SULAWESI UTARA,Rata-Rata Upah/Gaji Bersih Sebulan Buruh/Karyawan/Pegawai menurut Provinsi dan Lapangan Usaha di 17 Sektor,I Penyediaan Akomodasi dan Makan Minum,2025,Agustus,2853485,Rupiah,710024752076125190
SULAWESI UTARA,Rata-Rata Upah/Gaji Bersih Sebulan Buruh/Karyawan/Pegawai menurut Provinsi dan Lapangan Usaha di 17 Sektor,J Informasi dan Komunikasi,2025,Februari,3312202,Rupiah,710024752077125189
SULAWESI UTARA,Rata-Rata Upah/Gaji Bersih Sebulan Buruh/Karyawan/Pegawai menurut Provinsi dan Lapangan Usaha di 17 Sektor,J Informasi dan Komunikasi,2025,Agustus,3104898,Rupiah,710024752077125190
SULAWESI UTARA,Rata-Rata Upah/Gaji Bersih Sebulan Buruh/Karyawan/Pegawai menurut Provinsi dan Lapangan Usaha di 17 Sektor,K Jasa Keuangan dan Asuransi,2025,Februari,3419239,Rupiah,710024752078125189
SULAWESI UTARA,Rata-Rata Upah/Gaji Bersih Sebulan Buruh/Karyawan/Pegawai menurut Provinsi dan Lapangan Usaha di 17 Sektor,K Jasa Keuangan dan Asuransi,2025,Agustus,4263007,Rupiah,710024752078125190
SULAWESI UTARA,Rata-Rata Upah/Gaji Bersih Sebulan Buruh/Karyawan/Pegawai menurut Provinsi dan Lapangan Usaha di 17 Sektor,L Real Estate,2025,Agustus,3430523,Rupiah,710024752079125190
SULAWESI UTARA,Rata-Rata Upah/Gaji Bersih Sebulan Buruh/Karyawan/Pegawai menurut Provinsi dan Lapangan Usaha di 17 Sektor,"M,N Jasa Perusahaan",2025,Februari,3780726,Rupiah,710024752080125189
SULAWESI UTARA,Rata-Rata Upah/Gaji Bersih Sebulan Buruh/Karyawan/Pegawai menurut Provinsi dan Lapangan Usaha di 17 Sektor,"M,N Jasa Perusahaan",2025,Agustus,3437984,Rupiah,710024752080125190
SULAWESI UTARA,Rata-Rata Upah/Gaji Bersih Sebulan Buruh/Karyawan/Pegawai menurut Provinsi dan Lapangan Usaha di 17 Sektor,"O Administrasi Pemerintahan, Pertahanan dan Jaminan Sosial Wajib",2025,Februari,3783958,Rupiah,710024752081125189
SULAWESI UTARA,Rata-Rata Upah/Gaji Bersih Sebulan Buruh/Karyawan/Pegawai menurut Provinsi dan Lapangan Usaha di 17 Sektor,"O Administrasi Pemerintahan, Pertahanan dan Jaminan Sosial Wajib",2025,Agustus,4048785,Rupiah,710024752081125190
SULAWESI UTARA,Rata-Rata Upah/Gaji Bersih Sebulan Buruh/Karyawan/Pegawai menurut Provinsi dan Lapangan Usaha di 17 Sektor,P Jasa Pendidikan,2025,Februari,3803655,Rupiah,710024752082125189
SULAWESI UTARA,Rata-Rata Upah/Gaji Bersih Sebulan Buruh/Karyawan/Pegawai menurut Provinsi dan Lapangan Usaha di 17 Sektor,P Jasa Pendidikan,2025,Agustus,3588404,Rupiah,710024752082125190
SULAWESI UTARA,Rata-Rata Upah/Gaji Bersih Sebulan Buruh/Karyawan/Pegawai menurut Provinsi dan Lapangan Usaha di 17 Sektor,Q Jasa Kesehatan dan Kegiatan Sosial,2025,Februari,3576106,Rupiah,710024752083125189
SULAWESI UTARA,Rata-Rata Upah/Gaji Bersih Sebulan Buruh/Karyawan/Pegawai menurut Provinsi dan Lapangan Usaha di 17 Sektor,Q Jasa Kesehatan dan Kegiatan Sosial,2025,Agustus,3511740,Rupiah,710024752083125190
SULAWESI UTARA,Rata-Rata Upah/Gaji Bersih Sebulan Buruh/Karyawan/Pegawai menurut Provinsi dan Lapangan Usaha di 17 Sektor,"R,S,T,U Jasa Lainnya",2025,Februari,2216470,Rupiah,710024752084125189
SULAWESI UTARA,Rata-Rata Upah/Gaji Bersih Sebulan Buruh/Karyawan/Pegawai menurut Provinsi dan Lapangan Usaha di 17 Sektor,"R,S,T,U Jasa Lainnya",2025,Agustus,2300971,Rupiah,710024752084125190
SULAWESI UTARA,Rata-Rata Upah/Gaji Bersih Sebulan Buruh/Karyawan/Pegawai menurut Provinsi dan Lapangan Usaha di 17 Sektor,Total,2025,Februari,3332950,Rupiah,710024752085125189
SULAWESI UTARA,Rata-Rata Upah/Gaji Bersih Sebulan Buruh/Karyawan/Pegawai menurut Provinsi dan Lapangan Usaha di 17 Sektor,Total,2025,Agustus,3420935,Rupiah,710024752085125190
SULAWESI TENGAH,Rata-Rata Upah/Gaji Bersih Sebulan Buruh/Karyawan/Pegawai menurut Provinsi dan Lapangan Usaha di 17 Sektor,"A Pertanian, Kehutanan dan Perikanan",2025,Februari,2143868,Rupiah,720024752068125189
SULAWESI TENGAH,Rata-Rata Upah/Gaji Bersih Sebulan Buruh/Karyawan/Pegawai menurut Provinsi dan Lapangan Usaha di 17 Sektor,"A Pertanian, Kehutanan dan Perikanan",2025,Agustus,2326855,Rupiah,720024752068125190
SULAWESI TENGAH,Rata-Rata Upah/Gaji Bersih Sebulan Buruh/Karyawan/Pegawai menurut Provinsi dan Lapangan Usaha di 17 Sektor,B Pertambangan dan Penggalian,2025,Februari,3916004,Rupiah,720024752069125189
SULAWESI TENGAH,Rata-Rata Upah/Gaji Bersih Sebulan Buruh/Karyawan/Pegawai menurut Provinsi dan Lapangan Usaha di 17 Sektor,B Pertambangan dan Penggalian,2025,Agustus,4208498,Rupiah,720024752069125190
SULAWESI TENGAH,Rata-Rata Upah/Gaji Bersih Sebulan Buruh/Karyawan/Pegawai menurut Provinsi dan Lapangan Usaha di 17 Sektor,C Industri Pengolahan,2025,Februari,4005552,Rupiah,720024752070125189
SULAWESI TENGAH,Rata-Rata Upah/Gaji Bersih Sebulan Buruh/Karyawan/Pegawai menurut Provinsi dan Lapangan Usaha di 17 Sektor,C Industri Pengolahan,2025,Agustus,3895723,Rupiah,720024752070125190
SULAWESI TENGAH,Rata-Rata Upah/Gaji Bersih Sebulan Buruh/Karyawan/Pegawai menurut Provinsi dan Lapangan Usaha di 17 Sektor,D Pengadaan Listrik dan Gas,2025,Februari,2876350,Rupiah,720024752071125189
SULAWESI TENGAH,Rata-Rata Upah/Gaji Bersih Sebulan Buruh/Karyawan/Pegawai menurut Provinsi dan Lapangan Usaha di 17 Sektor,D Pengadaan Listrik dan Gas,2025,Agustus,4293283,Rupiah,720024752071125190
SULAWESI TENGAH,Rata-Rata Upah/Gaji Bersih Sebulan Buruh/Karyawan/Pegawai menurut Provinsi dan Lapangan Usaha di 17 Sektor,"E Pengadaan Air, Pengelolaan Sampah, Limbah dan Daur Ulang",2025,Februari,2609059,Rupiah,720024752072125189
SULAWESI TENGAH,Rata-Rata Upah/Gaji Bersih Sebulan Buruh/Karyawan/Pegawai menurut Provinsi dan Lapangan Usaha di 17 Sektor,"E Pengadaan Air, Pengelolaan Sampah, Limbah dan Daur Ulang",2025,Agustus,2501121,Rupiah,720024752072125190
SULAWESI TENGAH,Rata-Rata Upah/Gaji Bersih Sebulan Buruh/Karyawan/Pegawai menurut Provinsi dan Lapangan Usaha di 17 Sektor,F Konstruksi,2025,Februari,3832136,Rupiah,720024752073125189
SULAWESI TENGAH,Rata-Rata Upah/Gaji Bersih Sebulan Buruh/Karyawan/Pegawai menurut Provinsi dan Lapangan Usaha di 17 Sektor,F Konstruksi,2025,Agustus,2626235,Rupiah,720024752073125190
SULAWESI TENGAH,Rata-Rata Upah/Gaji Bersih Sebulan Buruh/Karyawan/Pegawai menurut Provinsi dan Lapangan Usaha di 17 Sektor,"G Perdagangan Besar dan Eceran, Reparasi Mobil dan Sepeda Motor",2025,Februari,1920580,Rupiah,720024752074125189
SULAWESI TENGAH,Rata-Rata Upah/Gaji Bersih Sebulan Buruh/Karyawan/Pegawai menurut Provinsi dan Lapangan Usaha di 17 Sektor,"G Perdagangan Besar dan Eceran, Reparasi Mobil dan Sepeda Motor",2025,Agustus,2128497,Rupiah,720024752074125190
SULAWESI TENGAH,Rata-Rata Upah/Gaji Bersih Sebulan Buruh/Karyawan/Pegawai menurut Provinsi dan Lapangan Usaha di 17 Sektor,H Transportasi dan Pergudangan,2025,Februari,2768140,Rupiah,720024752075125189
SULAWESI TENGAH,Rata-Rata Upah/Gaji Bersih Sebulan Buruh/Karyawan/Pegawai menurut Provinsi dan Lapangan Usaha di 17 Sektor,H Transportasi dan Pergudangan,2025,Agustus,2590279,Rupiah,720024752075125190
SULAWESI TENGAH,Rata-Rata Upah/Gaji Bersih Sebulan Buruh/Karyawan/Pegawai menurut Provinsi dan Lapangan Usaha di 17 Sektor,I Penyediaan Akomodasi dan Makan Minum,2025,Februari,1376906,Rupiah,720024752076125189
SULAWESI TENGAH,Rata-Rata Upah/Gaji Bersih Sebulan Buruh/Karyawan/Pegawai menurut Provinsi dan Lapangan Usaha di 17 Sektor,I Penyediaan Akomodasi dan Makan Minum,2025,Agustus,1671777,Rupiah,720024752076125190
SULAWESI TENGAH,Rata-Rata Upah/Gaji Bersih Sebulan Buruh/Karyawan/Pegawai menurut Provinsi dan Lapangan Usaha di 17 Sektor,J Informasi dan Komunikasi,2025,Februari,3229766,Rupiah,720024752077125189
SULAWESI TENGAH,Rata-Rata Upah/Gaji Bersih Sebulan Buruh/Karyawan/Pegawai menurut Provinsi dan Lapangan Usaha di 17 Sektor,J Informasi dan Komunikasi,2025,Agustus,3120980,Rupiah,720024752077125190
SULAWESI TENGAH,Rata-Rata Upah/Gaji Bersih Sebulan Buruh/Karyawan/Pegawai menurut Provinsi dan Lapangan Usaha di 17 Sektor,K Jasa Keuangan dan Asuransi,2025,Februari,3577652,Rupiah,720024752078125189
SULAWESI TENGAH,Rata-Rata Upah/Gaji Bersih Sebulan Buruh/Karyawan/Pegawai menurut Provinsi dan Lapangan Usaha di 17 Sektor,K Jasa Keuangan dan Asuransi,2025,Agustus,3914978,Rupiah,720024752078125190
SULAWESI TENGAH,Rata-Rata Upah/Gaji Bersih Sebulan Buruh/Karyawan/Pegawai menurut Provinsi dan Lapangan Usaha di 17 Sektor,L Real Estate,2025,Agustus,5571336,Rupiah,720024752079125190
SULAWESI TENGAH,Rata-Rata Upah/Gaji Bersih Sebulan Buruh/Karyawan/Pegawai menurut Provinsi dan Lapangan Usaha di 17 Sektor,"M,N Jasa Perusahaan",2025,Februari,2328633,Rupiah,720024752080125189
SULAWESI TENGAH,Rata-Rata Upah/Gaji Bersih Sebulan Buruh/Karyawan/Pegawai menurut Provinsi dan Lapangan Usaha di 17 Sektor,"M,N Jasa Perusahaan",2025,Agustus,2617226,Rupiah,720024752080125190
SULAWESI TENGAH,Rata-Rata Upah/Gaji Bersih Sebulan Buruh/Karyawan/Pegawai menurut Provinsi dan Lapangan Usaha di 17 Sektor,"O Administrasi Pemerintahan, Pertahanan dan Jaminan Sosial Wajib",2025,Februari,3202370,Rupiah,720024752081125189
SULAWESI TENGAH,Rata-Rata Upah/Gaji Bersih Sebulan Buruh/Karyawan/Pegawai menurut Provinsi dan Lapangan Usaha di 17 Sektor,"O Administrasi Pemerintahan, Pertahanan dan Jaminan Sosial Wajib",2025,Agustus,3723830,Rupiah,720024752081125190
SULAWESI TENGAH,Rata-Rata Upah/Gaji Bersih Sebulan Buruh/Karyawan/Pegawai menurut Provinsi dan Lapangan Usaha di 17 Sektor,P Jasa Pendidikan,2025,Februari,4005407,Rupiah,720024752082125189
SULAWESI TENGAH,Rata-Rata Upah/Gaji Bersih Sebulan Buruh/Karyawan/Pegawai menurut Provinsi dan Lapangan Usaha di 17 Sektor,P Jasa Pendidikan,2025,Agustus,3288897,Rupiah,720024752082125190
SULAWESI TENGAH,Rata-Rata Upah/Gaji Bersih Sebulan Buruh/Karyawan/Pegawai menurut Provinsi dan Lapangan Usaha di 17 Sektor,Q Jasa Kesehatan dan Kegiatan Sosial,2025,Februari,2233493,Rupiah,720024752083125189
SULAWESI TENGAH,Rata-Rata Upah/Gaji Bersih Sebulan Buruh/Karyawan/Pegawai menurut Provinsi dan Lapangan Usaha di 17 Sektor,Q Jasa Kesehatan dan Kegiatan Sosial,2025,Agustus,2776378,Rupiah,720024752083125190
SULAWESI TENGAH,Rata-Rata Upah/Gaji Bersih Sebulan Buruh/Karyawan/Pegawai menurut Provinsi dan Lapangan Usaha di 17 Sektor,"R,S,T,U Jasa Lainnya",2025,Februari,1355167,Rupiah,720024752084125189
SULAWESI TENGAH,Rata-Rata Upah/Gaji Bersih Sebulan Buruh/Karyawan/Pegawai menurut Provinsi dan Lapangan Usaha di 17 Sektor,"R,S,T,U Jasa Lainnya",2025,Agustus,1787149,Rupiah,720024752084125190
SULAWESI TENGAH,Rata-Rata Upah/Gaji Bersih Sebulan Buruh/Karyawan/Pegawai menurut Provinsi dan Lapangan Usaha di 17 Sektor,Total,2025,Februari,3077492,Rupiah,720024752085125189
SULAWESI TENGAH,Rata-Rata Upah/Gaji Bersih Sebulan Buruh/Karyawan/Pegawai menurut Provinsi dan Lapangan Usaha di 17 Sektor,Total,2025,Agustus,3056120,Rupiah,720024752085125190
SULAWESI SELATAN,Rata-Rata Upah/Gaji Bersih Sebulan Buruh/Karyawan/Pegawai menurut Provinsi dan Lapangan Usaha di 17 Sektor,"A Pertanian, Kehutanan dan Perikanan",2025,Februari,1919696,Rupiah,730024752068125189
SULAWESI SELATAN,Rata-Rata Upah/Gaji Bersih Sebulan Buruh/Karyawan/Pegawai menurut Provinsi dan Lapangan Usaha di 17 Sektor,"A Pertanian, Kehutanan dan Perikanan",2025,Agustus,2287084,Rupiah,730024752068125190
SULAWESI SELATAN,Rata-Rata Upah/Gaji Bersih Sebulan Buruh/Karyawan/Pegawai menurut Provinsi dan Lapangan Usaha di 17 Sektor,B Pertambangan dan Penggalian,2025,Februari,7165308,Rupiah,730024752069125189
SULAWESI SELATAN,Rata-Rata Upah/Gaji Bersih Sebulan Buruh/Karyawan/Pegawai menurut Provinsi dan Lapangan Usaha di 17 Sektor,B Pertambangan dan Penggalian,2025,Agustus,5556142,Rupiah,730024752069125190
SULAWESI SELATAN,Rata-Rata Upah/Gaji Bersih Sebulan Buruh/Karyawan/Pegawai menurut Provinsi dan Lapangan Usaha di 17 Sektor,C Industri Pengolahan,2025,Februari,2269827,Rupiah,730024752070125189
SULAWESI SELATAN,Rata-Rata Upah/Gaji Bersih Sebulan Buruh/Karyawan/Pegawai menurut Provinsi dan Lapangan Usaha di 17 Sektor,C Industri Pengolahan,2025,Agustus,2486183,Rupiah,730024752070125190
SULAWESI SELATAN,Rata-Rata Upah/Gaji Bersih Sebulan Buruh/Karyawan/Pegawai menurut Provinsi dan Lapangan Usaha di 17 Sektor,D Pengadaan Listrik dan Gas,2025,Februari,4473691,Rupiah,730024752071125189
SULAWESI SELATAN,Rata-Rata Upah/Gaji Bersih Sebulan Buruh/Karyawan/Pegawai menurut Provinsi dan Lapangan Usaha di 17 Sektor,D Pengadaan Listrik dan Gas,2025,Agustus,3959718,Rupiah,730024752071125190
SULAWESI SELATAN,Rata-Rata Upah/Gaji Bersih Sebulan Buruh/Karyawan/Pegawai menurut Provinsi dan Lapangan Usaha di 17 Sektor,"E Pengadaan Air, Pengelolaan Sampah, Limbah dan Daur Ulang",2025,Februari,2850204,Rupiah,730024752072125189
SULAWESI SELATAN,Rata-Rata Upah/Gaji Bersih Sebulan Buruh/Karyawan/Pegawai menurut Provinsi dan Lapangan Usaha di 17 Sektor,"E Pengadaan Air, Pengelolaan Sampah, Limbah dan Daur Ulang",2025,Agustus,2602877,Rupiah,730024752072125190
SULAWESI SELATAN,Rata-Rata Upah/Gaji Bersih Sebulan Buruh/Karyawan/Pegawai menurut Provinsi dan Lapangan Usaha di 17 Sektor,F Konstruksi,2025,Februari,2587341,Rupiah,730024752073125189
SULAWESI SELATAN,Rata-Rata Upah/Gaji Bersih Sebulan Buruh/Karyawan/Pegawai menurut Provinsi dan Lapangan Usaha di 17 Sektor,F Konstruksi,2025,Agustus,2578844,Rupiah,730024752073125190
SULAWESI SELATAN,Rata-Rata Upah/Gaji Bersih Sebulan Buruh/Karyawan/Pegawai menurut Provinsi dan Lapangan Usaha di 17 Sektor,"G Perdagangan Besar dan Eceran, Reparasi Mobil dan Sepeda Motor",2025,Februari,2481920,Rupiah,730024752074125189
SULAWESI SELATAN,Rata-Rata Upah/Gaji Bersih Sebulan Buruh/Karyawan/Pegawai menurut Provinsi dan Lapangan Usaha di 17 Sektor,"G Perdagangan Besar dan Eceran, Reparasi Mobil dan Sepeda Motor",2025,Agustus,2563279,Rupiah,730024752074125190
SULAWESI SELATAN,Rata-Rata Upah/Gaji Bersih Sebulan Buruh/Karyawan/Pegawai menurut Provinsi dan Lapangan Usaha di 17 Sektor,H Transportasi dan Pergudangan,2025,Februari,4474649,Rupiah,730024752075125189
SULAWESI SELATAN,Rata-Rata Upah/Gaji Bersih Sebulan Buruh/Karyawan/Pegawai menurut Provinsi dan Lapangan Usaha di 17 Sektor,H Transportasi dan Pergudangan,2025,Agustus,5247392,Rupiah,730024752075125190
SULAWESI SELATAN,Rata-Rata Upah/Gaji Bersih Sebulan Buruh/Karyawan/Pegawai menurut Provinsi dan Lapangan Usaha di 17 Sektor,I Penyediaan Akomodasi dan Makan Minum,2025,Februari,1759235,Rupiah,730024752076125189
SULAWESI SELATAN,Rata-Rata Upah/Gaji Bersih Sebulan Buruh/Karyawan/Pegawai menurut Provinsi dan Lapangan Usaha di 17 Sektor,I Penyediaan Akomodasi dan Makan Minum,2025,Agustus,2107830,Rupiah,730024752076125190
SULAWESI SELATAN,Rata-Rata Upah/Gaji Bersih Sebulan Buruh/Karyawan/Pegawai menurut Provinsi dan Lapangan Usaha di 17 Sektor,J Informasi dan Komunikasi,2025,Februari,2717737,Rupiah,730024752077125189
SULAWESI SELATAN,Rata-Rata Upah/Gaji Bersih Sebulan Buruh/Karyawan/Pegawai menurut Provinsi dan Lapangan Usaha di 17 Sektor,J Informasi dan Komunikasi,2025,Agustus,3561262,Rupiah,730024752077125190
SULAWESI SELATAN,Rata-Rata Upah/Gaji Bersih Sebulan Buruh/Karyawan/Pegawai menurut Provinsi dan Lapangan Usaha di 17 Sektor,K Jasa Keuangan dan Asuransi,2025,Februari,4503724,Rupiah,730024752078125189
SULAWESI SELATAN,Rata-Rata Upah/Gaji Bersih Sebulan Buruh/Karyawan/Pegawai menurut Provinsi dan Lapangan Usaha di 17 Sektor,K Jasa Keuangan dan Asuransi,2025,Agustus,4012827,Rupiah,730024752078125190
SULAWESI SELATAN,Rata-Rata Upah/Gaji Bersih Sebulan Buruh/Karyawan/Pegawai menurut Provinsi dan Lapangan Usaha di 17 Sektor,L Real Estate,2025,Februari,2381316,Rupiah,730024752079125189
SULAWESI SELATAN,Rata-Rata Upah/Gaji Bersih Sebulan Buruh/Karyawan/Pegawai menurut Provinsi dan Lapangan Usaha di 17 Sektor,L Real Estate,2025,Agustus,2967035,Rupiah,730024752079125190
SULAWESI SELATAN,Rata-Rata Upah/Gaji Bersih Sebulan Buruh/Karyawan/Pegawai menurut Provinsi dan Lapangan Usaha di 17 Sektor,"M,N Jasa Perusahaan",2025,Februari,3788640,Rupiah,730024752080125189
SULAWESI SELATAN,Rata-Rata Upah/Gaji Bersih Sebulan Buruh/Karyawan/Pegawai menurut Provinsi dan Lapangan Usaha di 17 Sektor,"M,N Jasa Perusahaan",2025,Agustus,3728371,Rupiah,730024752080125190
SULAWESI SELATAN,Rata-Rata Upah/Gaji Bersih Sebulan Buruh/Karyawan/Pegawai menurut Provinsi dan Lapangan Usaha di 17 Sektor,"O Administrasi Pemerintahan, Pertahanan dan Jaminan Sosial Wajib",2025,Februari,3590376,Rupiah,730024752081125189
SULAWESI SELATAN,Rata-Rata Upah/Gaji Bersih Sebulan Buruh/Karyawan/Pegawai menurut Provinsi dan Lapangan Usaha di 17 Sektor,"O Administrasi Pemerintahan, Pertahanan dan Jaminan Sosial Wajib",2025,Agustus,3492729,Rupiah,730024752081125190
SULAWESI SELATAN,Rata-Rata Upah/Gaji Bersih Sebulan Buruh/Karyawan/Pegawai menurut Provinsi dan Lapangan Usaha di 17 Sektor,P Jasa Pendidikan,2025,Februari,3102583,Rupiah,730024752082125189
SULAWESI SELATAN,Rata-Rata Upah/Gaji Bersih Sebulan Buruh/Karyawan/Pegawai menurut Provinsi dan Lapangan Usaha di 17 Sektor,P Jasa Pendidikan,2025,Agustus,3450859,Rupiah,730024752082125190
SULAWESI SELATAN,Rata-Rata Upah/Gaji Bersih Sebulan Buruh/Karyawan/Pegawai menurut Provinsi dan Lapangan Usaha di 17 Sektor,Q Jasa Kesehatan dan Kegiatan Sosial,2025,Februari,2490672,Rupiah,730024752083125189
SULAWESI SELATAN,Rata-Rata Upah/Gaji Bersih Sebulan Buruh/Karyawan/Pegawai menurut Provinsi dan Lapangan Usaha di 17 Sektor,Q Jasa Kesehatan dan Kegiatan Sosial,2025,Agustus,2700032,Rupiah,730024752083125190
SULAWESI SELATAN,Rata-Rata Upah/Gaji Bersih Sebulan Buruh/Karyawan/Pegawai menurut Provinsi dan Lapangan Usaha di 17 Sektor,"R,S,T,U Jasa Lainnya",2025,Februari,1734427,Rupiah,730024752084125189
SULAWESI SELATAN,Rata-Rata Upah/Gaji Bersih Sebulan Buruh/Karyawan/Pegawai menurut Provinsi dan Lapangan Usaha di 17 Sektor,"R,S,T,U Jasa Lainnya",2025,Agustus,1978724,Rupiah,730024752084125190
SULAWESI SELATAN,Rata-Rata Upah/Gaji Bersih Sebulan Buruh/Karyawan/Pegawai menurut Provinsi dan Lapangan Usaha di 17 Sektor,Total,2025,Februari,2956256,Rupiah,730024752085125189
SULAWESI SELATAN,Rata-Rata Upah/Gaji Bersih Sebulan Buruh/Karyawan/Pegawai menurut Provinsi dan Lapangan Usaha di 17 Sektor,Total,2025,Agustus,3060385,Rupiah,730024752085125190
SULAWESI TENGGARA,Rata-Rata Upah/Gaji Bersih Sebulan Buruh/Karyawan/Pegawai menurut Provinsi dan Lapangan Usaha di 17 Sektor,"A Pertanian, Kehutanan dan Perikanan",2025,Februari,2613808,Rupiah,740024752068125189
SULAWESI TENGGARA,Rata-Rata Upah/Gaji Bersih Sebulan Buruh/Karyawan/Pegawai menurut Provinsi dan Lapangan Usaha di 17 Sektor,"A Pertanian, Kehutanan dan Perikanan",2025,Agustus,2811095,Rupiah,740024752068125190
SULAWESI TENGGARA,Rata-Rata Upah/Gaji Bersih Sebulan Buruh/Karyawan/Pegawai menurut Provinsi dan Lapangan Usaha di 17 Sektor,B Pertambangan dan Penggalian,2025,Februari,4348823,Rupiah,740024752069125189
SULAWESI TENGGARA,Rata-Rata Upah/Gaji Bersih Sebulan Buruh/Karyawan/Pegawai menurut Provinsi dan Lapangan Usaha di 17 Sektor,B Pertambangan dan Penggalian,2025,Agustus,4332715,Rupiah,740024752069125190
SULAWESI TENGGARA,Rata-Rata Upah/Gaji Bersih Sebulan Buruh/Karyawan/Pegawai menurut Provinsi dan Lapangan Usaha di 17 Sektor,C Industri Pengolahan,2025,Februari,2624556,Rupiah,740024752070125189
SULAWESI TENGGARA,Rata-Rata Upah/Gaji Bersih Sebulan Buruh/Karyawan/Pegawai menurut Provinsi dan Lapangan Usaha di 17 Sektor,C Industri Pengolahan,2025,Agustus,2747068,Rupiah,740024752070125190
SULAWESI TENGGARA,Rata-Rata Upah/Gaji Bersih Sebulan Buruh/Karyawan/Pegawai menurut Provinsi dan Lapangan Usaha di 17 Sektor,D Pengadaan Listrik dan Gas,2025,Februari,5264766,Rupiah,740024752071125189
SULAWESI TENGGARA,Rata-Rata Upah/Gaji Bersih Sebulan Buruh/Karyawan/Pegawai menurut Provinsi dan Lapangan Usaha di 17 Sektor,D Pengadaan Listrik dan Gas,2025,Agustus,3196831,Rupiah,740024752071125190
SULAWESI TENGGARA,Rata-Rata Upah/Gaji Bersih Sebulan Buruh/Karyawan/Pegawai menurut Provinsi dan Lapangan Usaha di 17 Sektor,"E Pengadaan Air, Pengelolaan Sampah, Limbah dan Daur Ulang",2025,Februari,1699251,Rupiah,740024752072125189
SULAWESI TENGGARA,Rata-Rata Upah/Gaji Bersih Sebulan Buruh/Karyawan/Pegawai menurut Provinsi dan Lapangan Usaha di 17 Sektor,"E Pengadaan Air, Pengelolaan Sampah, Limbah dan Daur Ulang",2025,Agustus,2307698,Rupiah,740024752072125190
SULAWESI TENGGARA,Rata-Rata Upah/Gaji Bersih Sebulan Buruh/Karyawan/Pegawai menurut Provinsi dan Lapangan Usaha di 17 Sektor,F Konstruksi,2025,Februari,2839291,Rupiah,740024752073125189
SULAWESI TENGGARA,Rata-Rata Upah/Gaji Bersih Sebulan Buruh/Karyawan/Pegawai menurut Provinsi dan Lapangan Usaha di 17 Sektor,F Konstruksi,2025,Agustus,2686920,Rupiah,740024752073125190
SULAWESI TENGGARA,Rata-Rata Upah/Gaji Bersih Sebulan Buruh/Karyawan/Pegawai menurut Provinsi dan Lapangan Usaha di 17 Sektor,"G Perdagangan Besar dan Eceran, Reparasi Mobil dan Sepeda Motor",2025,Februari,2455587,Rupiah,740024752074125189
SULAWESI TENGGARA,Rata-Rata Upah/Gaji Bersih Sebulan Buruh/Karyawan/Pegawai menurut Provinsi dan Lapangan Usaha di 17 Sektor,"G Perdagangan Besar dan Eceran, Reparasi Mobil dan Sepeda Motor",2025,Agustus,2461788,Rupiah,740024752074125190
SULAWESI TENGGARA,Rata-Rata Upah/Gaji Bersih Sebulan Buruh/Karyawan/Pegawai menurut Provinsi dan Lapangan Usaha di 17 Sektor,H Transportasi dan Pergudangan,2025,Februari,3278745,Rupiah,740024752075125189
SULAWESI TENGGARA,Rata-Rata Upah/Gaji Bersih Sebulan Buruh/Karyawan/Pegawai menurut Provinsi dan Lapangan Usaha di 17 Sektor,H Transportasi dan Pergudangan,2025,Agustus,2959507,Rupiah,740024752075125190
SULAWESI TENGGARA,Rata-Rata Upah/Gaji Bersih Sebulan Buruh/Karyawan/Pegawai menurut Provinsi dan Lapangan Usaha di 17 Sektor,I Penyediaan Akomodasi dan Makan Minum,2025,Februari,2290513,Rupiah,740024752076125189
SULAWESI TENGGARA,Rata-Rata Upah/Gaji Bersih Sebulan Buruh/Karyawan/Pegawai menurut Provinsi dan Lapangan Usaha di 17 Sektor,I Penyediaan Akomodasi dan Makan Minum,2025,Agustus,1617470,Rupiah,740024752076125190
SULAWESI TENGGARA,Rata-Rata Upah/Gaji Bersih Sebulan Buruh/Karyawan/Pegawai menurut Provinsi dan Lapangan Usaha di 17 Sektor,J Informasi dan Komunikasi,2025,Februari,4198579,Rupiah,740024752077125189
SULAWESI TENGGARA,Rata-Rata Upah/Gaji Bersih Sebulan Buruh/Karyawan/Pegawai menurut Provinsi dan Lapangan Usaha di 17 Sektor,J Informasi dan Komunikasi,2025,Agustus,3879799,Rupiah,740024752077125190
SULAWESI TENGGARA,Rata-Rata Upah/Gaji Bersih Sebulan Buruh/Karyawan/Pegawai menurut Provinsi dan Lapangan Usaha di 17 Sektor,K Jasa Keuangan dan Asuransi,2025,Februari,3644573,Rupiah,740024752078125189
SULAWESI TENGGARA,Rata-Rata Upah/Gaji Bersih Sebulan Buruh/Karyawan/Pegawai menurut Provinsi dan Lapangan Usaha di 17 Sektor,K Jasa Keuangan dan Asuransi,2025,Agustus,3625112,Rupiah,740024752078125190
SULAWESI TENGGARA,Rata-Rata Upah/Gaji Bersih Sebulan Buruh/Karyawan/Pegawai menurut Provinsi dan Lapangan Usaha di 17 Sektor,L Real Estate,2025,Agustus,3820685,Rupiah,740024752079125190
SULAWESI TENGGARA,Rata-Rata Upah/Gaji Bersih Sebulan Buruh/Karyawan/Pegawai menurut Provinsi dan Lapangan Usaha di 17 Sektor,"M,N Jasa Perusahaan",2025,Februari,2775098,Rupiah,740024752080125189
SULAWESI TENGGARA,Rata-Rata Upah/Gaji Bersih Sebulan Buruh/Karyawan/Pegawai menurut Provinsi dan Lapangan Usaha di 17 Sektor,"M,N Jasa Perusahaan",2025,Agustus,3750637,Rupiah,740024752080125190
SULAWESI TENGGARA,Rata-Rata Upah/Gaji Bersih Sebulan Buruh/Karyawan/Pegawai menurut Provinsi dan Lapangan Usaha di 17 Sektor,"O Administrasi Pemerintahan, Pertahanan dan Jaminan Sosial Wajib",2025,Februari,3085879,Rupiah,740024752081125189
SULAWESI TENGGARA,Rata-Rata Upah/Gaji Bersih Sebulan Buruh/Karyawan/Pegawai menurut Provinsi dan Lapangan Usaha di 17 Sektor,"O Administrasi Pemerintahan, Pertahanan dan Jaminan Sosial Wajib",2025,Agustus,3643522,Rupiah,740024752081125190
SULAWESI TENGGARA,Rata-Rata Upah/Gaji Bersih Sebulan Buruh/Karyawan/Pegawai menurut Provinsi dan Lapangan Usaha di 17 Sektor,P Jasa Pendidikan,2025,Februari,3198090,Rupiah,740024752082125189
SULAWESI TENGGARA,Rata-Rata Upah/Gaji Bersih Sebulan Buruh/Karyawan/Pegawai menurut Provinsi dan Lapangan Usaha di 17 Sektor,P Jasa Pendidikan,2025,Agustus,3583743,Rupiah,740024752082125190
SULAWESI TENGGARA,Rata-Rata Upah/Gaji Bersih Sebulan Buruh/Karyawan/Pegawai menurut Provinsi dan Lapangan Usaha di 17 Sektor,Q Jasa Kesehatan dan Kegiatan Sosial,2025,Februari,2257471,Rupiah,740024752083125189
SULAWESI TENGGARA,Rata-Rata Upah/Gaji Bersih Sebulan Buruh/Karyawan/Pegawai menurut Provinsi dan Lapangan Usaha di 17 Sektor,Q Jasa Kesehatan dan Kegiatan Sosial,2025,Agustus,2796918,Rupiah,740024752083125190
SULAWESI TENGGARA,Rata-Rata Upah/Gaji Bersih Sebulan Buruh/Karyawan/Pegawai menurut Provinsi dan Lapangan Usaha di 17 Sektor,"R,S,T,U Jasa Lainnya",2025,Februari,1232422,Rupiah,740024752084125189
SULAWESI TENGGARA,Rata-Rata Upah/Gaji Bersih Sebulan Buruh/Karyawan/Pegawai menurut Provinsi dan Lapangan Usaha di 17 Sektor,"R,S,T,U Jasa Lainnya",2025,Agustus,1641348,Rupiah,740024752084125190
SULAWESI TENGGARA,Rata-Rata Upah/Gaji Bersih Sebulan Buruh/Karyawan/Pegawai menurut Provinsi dan Lapangan Usaha di 17 Sektor,Total,2025,Februari,2928215,Rupiah,740024752085125189
SULAWESI TENGGARA,Rata-Rata Upah/Gaji Bersih Sebulan Buruh/Karyawan/Pegawai menurut Provinsi dan Lapangan Usaha di 17 Sektor,Total,2025,Agustus,3189724,Rupiah,740024752085125190
GORONTALO,Rata-Rata Upah/Gaji Bersih Sebulan Buruh/Karyawan/Pegawai menurut Provinsi dan Lapangan Usaha di 17 Sektor,"A Pertanian, Kehutanan dan Perikanan",2025,Februari,1815333,Rupiah,750024752068125189
GORONTALO,Rata-Rata Upah/Gaji Bersih Sebulan Buruh/Karyawan/Pegawai menurut Provinsi dan Lapangan Usaha di 17 Sektor,"A Pertanian, Kehutanan dan Perikanan",2025,Agustus,2895969,Rupiah,750024752068125190
GORONTALO,Rata-Rata Upah/Gaji Bersih Sebulan Buruh/Karyawan/Pegawai menurut Provinsi dan Lapangan Usaha di 17 Sektor,B Pertambangan dan Penggalian,2025,Februari,5029766,Rupiah,750024752069125189
GORONTALO,Rata-Rata Upah/Gaji Bersih Sebulan Buruh/Karyawan/Pegawai menurut Provinsi dan Lapangan Usaha di 17 Sektor,B Pertambangan dan Penggalian,2025,Agustus,3359149,Rupiah,750024752069125190
GORONTALO,Rata-Rata Upah/Gaji Bersih Sebulan Buruh/Karyawan/Pegawai menurut Provinsi dan Lapangan Usaha di 17 Sektor,C Industri Pengolahan,2025,Februari,2128599,Rupiah,750024752070125189
GORONTALO,Rata-Rata Upah/Gaji Bersih Sebulan Buruh/Karyawan/Pegawai menurut Provinsi dan Lapangan Usaha di 17 Sektor,C Industri Pengolahan,2025,Agustus,1881745,Rupiah,750024752070125190
GORONTALO,Rata-Rata Upah/Gaji Bersih Sebulan Buruh/Karyawan/Pegawai menurut Provinsi dan Lapangan Usaha di 17 Sektor,D Pengadaan Listrik dan Gas,2025,Februari,4062676,Rupiah,750024752071125189
GORONTALO,Rata-Rata Upah/Gaji Bersih Sebulan Buruh/Karyawan/Pegawai menurut Provinsi dan Lapangan Usaha di 17 Sektor,D Pengadaan Listrik dan Gas,2025,Agustus,3454474,Rupiah,750024752071125190
GORONTALO,Rata-Rata Upah/Gaji Bersih Sebulan Buruh/Karyawan/Pegawai menurut Provinsi dan Lapangan Usaha di 17 Sektor,"E Pengadaan Air, Pengelolaan Sampah, Limbah dan Daur Ulang",2025,Februari,2057715,Rupiah,750024752072125189
GORONTALO,Rata-Rata Upah/Gaji Bersih Sebulan Buruh/Karyawan/Pegawai menurut Provinsi dan Lapangan Usaha di 17 Sektor,"E Pengadaan Air, Pengelolaan Sampah, Limbah dan Daur Ulang",2025,Agustus,3921714,Rupiah,750024752072125190
GORONTALO,Rata-Rata Upah/Gaji Bersih Sebulan Buruh/Karyawan/Pegawai menurut Provinsi dan Lapangan Usaha di 17 Sektor,F Konstruksi,2025,Februari,2417467,Rupiah,750024752073125189
GORONTALO,Rata-Rata Upah/Gaji Bersih Sebulan Buruh/Karyawan/Pegawai menurut Provinsi dan Lapangan Usaha di 17 Sektor,F Konstruksi,2025,Agustus,2527691,Rupiah,750024752073125190
GORONTALO,Rata-Rata Upah/Gaji Bersih Sebulan Buruh/Karyawan/Pegawai menurut Provinsi dan Lapangan Usaha di 17 Sektor,"G Perdagangan Besar dan Eceran, Reparasi Mobil dan Sepeda Motor",2025,Februari,2520013,Rupiah,750024752074125189
GORONTALO,Rata-Rata Upah/Gaji Bersih Sebulan Buruh/Karyawan/Pegawai menurut Provinsi dan Lapangan Usaha di 17 Sektor,"G Perdagangan Besar dan Eceran, Reparasi Mobil dan Sepeda Motor",2025,Agustus,2301326,Rupiah,750024752074125190
GORONTALO,Rata-Rata Upah/Gaji Bersih Sebulan Buruh/Karyawan/Pegawai menurut Provinsi dan Lapangan Usaha di 17 Sektor,H Transportasi dan Pergudangan,2025,Februari,2917403,Rupiah,750024752075125189
GORONTALO,Rata-Rata Upah/Gaji Bersih Sebulan Buruh/Karyawan/Pegawai menurut Provinsi dan Lapangan Usaha di 17 Sektor,H Transportasi dan Pergudangan,2025,Agustus,2753552,Rupiah,750024752075125190
GORONTALO,Rata-Rata Upah/Gaji Bersih Sebulan Buruh/Karyawan/Pegawai menurut Provinsi dan Lapangan Usaha di 17 Sektor,I Penyediaan Akomodasi dan Makan Minum,2025,Februari,1394467,Rupiah,750024752076125189
GORONTALO,Rata-Rata Upah/Gaji Bersih Sebulan Buruh/Karyawan/Pegawai menurut Provinsi dan Lapangan Usaha di 17 Sektor,I Penyediaan Akomodasi dan Makan Minum,2025,Agustus,1325626,Rupiah,750024752076125190
GORONTALO,Rata-Rata Upah/Gaji Bersih Sebulan Buruh/Karyawan/Pegawai menurut Provinsi dan Lapangan Usaha di 17 Sektor,J Informasi dan Komunikasi,2025,Februari,1082952,Rupiah,750024752077125189
GORONTALO,Rata-Rata Upah/Gaji Bersih Sebulan Buruh/Karyawan/Pegawai menurut Provinsi dan Lapangan Usaha di 17 Sektor,J Informasi dan Komunikasi,2025,Agustus,1812607,Rupiah,750024752077125190
GORONTALO,Rata-Rata Upah/Gaji Bersih Sebulan Buruh/Karyawan/Pegawai menurut Provinsi dan Lapangan Usaha di 17 Sektor,K Jasa Keuangan dan Asuransi,2025,Februari,3247578,Rupiah,750024752078125189
GORONTALO,Rata-Rata Upah/Gaji Bersih Sebulan Buruh/Karyawan/Pegawai menurut Provinsi dan Lapangan Usaha di 17 Sektor,K Jasa Keuangan dan Asuransi,2025,Agustus,3936344,Rupiah,750024752078125190
GORONTALO,Rata-Rata Upah/Gaji Bersih Sebulan Buruh/Karyawan/Pegawai menurut Provinsi dan Lapangan Usaha di 17 Sektor,"M,N Jasa Perusahaan",2025,Februari,2139145,Rupiah,750024752080125189
GORONTALO,Rata-Rata Upah/Gaji Bersih Sebulan Buruh/Karyawan/Pegawai menurut Provinsi dan Lapangan Usaha di 17 Sektor,"M,N Jasa Perusahaan",2025,Agustus,3506570,Rupiah,750024752080125190
GORONTALO,Rata-Rata Upah/Gaji Bersih Sebulan Buruh/Karyawan/Pegawai menurut Provinsi dan Lapangan Usaha di 17 Sektor,"O Administrasi Pemerintahan, Pertahanan dan Jaminan Sosial Wajib",2025,Februari,2987481,Rupiah,750024752081125189
GORONTALO,Rata-Rata Upah/Gaji Bersih Sebulan Buruh/Karyawan/Pegawai menurut Provinsi dan Lapangan Usaha di 17 Sektor,"O Administrasi Pemerintahan, Pertahanan dan Jaminan Sosial Wajib",2025,Agustus,3720085,Rupiah,750024752081125190
GORONTALO,Rata-Rata Upah/Gaji Bersih Sebulan Buruh/Karyawan/Pegawai menurut Provinsi dan Lapangan Usaha di 17 Sektor,P Jasa Pendidikan,2025,Februari,3209570,Rupiah,750024752082125189
GORONTALO,Rata-Rata Upah/Gaji Bersih Sebulan Buruh/Karyawan/Pegawai menurut Provinsi dan Lapangan Usaha di 17 Sektor,P Jasa Pendidikan,2025,Agustus,3561803,Rupiah,750024752082125190
GORONTALO,Rata-Rata Upah/Gaji Bersih Sebulan Buruh/Karyawan/Pegawai menurut Provinsi dan Lapangan Usaha di 17 Sektor,Q Jasa Kesehatan dan Kegiatan Sosial,2025,Februari,1692012,Rupiah,750024752083125189
GORONTALO,Rata-Rata Upah/Gaji Bersih Sebulan Buruh/Karyawan/Pegawai menurut Provinsi dan Lapangan Usaha di 17 Sektor,Q Jasa Kesehatan dan Kegiatan Sosial,2025,Agustus,2503584,Rupiah,750024752083125190
GORONTALO,Rata-Rata Upah/Gaji Bersih Sebulan Buruh/Karyawan/Pegawai menurut Provinsi dan Lapangan Usaha di 17 Sektor,"R,S,T,U Jasa Lainnya",2025,Februari,853246,Rupiah,750024752084125189
GORONTALO,Rata-Rata Upah/Gaji Bersih Sebulan Buruh/Karyawan/Pegawai menurut Provinsi dan Lapangan Usaha di 17 Sektor,"R,S,T,U Jasa Lainnya",2025,Agustus,980664,Rupiah,750024752084125190
GORONTALO,Rata-Rata Upah/Gaji Bersih Sebulan Buruh/Karyawan/Pegawai menurut Provinsi dan Lapangan Usaha di 17 Sektor,Total,2025,Februari,2506904,Rupiah,750024752085125189
GORONTALO,Rata-Rata Upah/Gaji Bersih Sebulan Buruh/Karyawan/Pegawai menurut Provinsi dan Lapangan Usaha di 17 Sektor,Total,2025,Agustus,2911813,Rupiah,750024752085125190
SULAWESI BARAT,Rata-Rata Upah/Gaji Bersih Sebulan Buruh/Karyawan/Pegawai menurut Provinsi dan Lapangan Usaha di 17 Sektor,"A Pertanian, Kehutanan dan Perikanan",2025,Februari,1357972,Rupiah,760024752068125189
SULAWESI BARAT,Rata-Rata Upah/Gaji Bersih Sebulan Buruh/Karyawan/Pegawai menurut Provinsi dan Lapangan Usaha di 17 Sektor,"A Pertanian, Kehutanan dan Perikanan",2025,Agustus,2499572,Rupiah,760024752068125190
SULAWESI BARAT,Rata-Rata Upah/Gaji Bersih Sebulan Buruh/Karyawan/Pegawai menurut Provinsi dan Lapangan Usaha di 17 Sektor,B Pertambangan dan Penggalian,2025,Agustus,5535282,Rupiah,760024752069125190
SULAWESI BARAT,Rata-Rata Upah/Gaji Bersih Sebulan Buruh/Karyawan/Pegawai menurut Provinsi dan Lapangan Usaha di 17 Sektor,C Industri Pengolahan,2025,Februari,2049724,Rupiah,760024752070125189
SULAWESI BARAT,Rata-Rata Upah/Gaji Bersih Sebulan Buruh/Karyawan/Pegawai menurut Provinsi dan Lapangan Usaha di 17 Sektor,C Industri Pengolahan,2025,Agustus,2144498,Rupiah,760024752070125190
SULAWESI BARAT,Rata-Rata Upah/Gaji Bersih Sebulan Buruh/Karyawan/Pegawai menurut Provinsi dan Lapangan Usaha di 17 Sektor,D Pengadaan Listrik dan Gas,2025,Februari,2511194,Rupiah,760024752071125189
SULAWESI BARAT,Rata-Rata Upah/Gaji Bersih Sebulan Buruh/Karyawan/Pegawai menurut Provinsi dan Lapangan Usaha di 17 Sektor,D Pengadaan Listrik dan Gas,2025,Agustus,2652062,Rupiah,760024752071125190
SULAWESI BARAT,Rata-Rata Upah/Gaji Bersih Sebulan Buruh/Karyawan/Pegawai menurut Provinsi dan Lapangan Usaha di 17 Sektor,"E Pengadaan Air, Pengelolaan Sampah, Limbah dan Daur Ulang",2025,Februari,1357844,Rupiah,760024752072125189
SULAWESI BARAT,Rata-Rata Upah/Gaji Bersih Sebulan Buruh/Karyawan/Pegawai menurut Provinsi dan Lapangan Usaha di 17 Sektor,"E Pengadaan Air, Pengelolaan Sampah, Limbah dan Daur Ulang",2025,Agustus,2419701,Rupiah,760024752072125190
SULAWESI BARAT,Rata-Rata Upah/Gaji Bersih Sebulan Buruh/Karyawan/Pegawai menurut Provinsi dan Lapangan Usaha di 17 Sektor,F Konstruksi,2025,Februari,2434752,Rupiah,760024752073125189
SULAWESI BARAT,Rata-Rata Upah/Gaji Bersih Sebulan Buruh/Karyawan/Pegawai menurut Provinsi dan Lapangan Usaha di 17 Sektor,F Konstruksi,2025,Agustus,2090050,Rupiah,760024752073125190
SULAWESI BARAT,Rata-Rata Upah/Gaji Bersih Sebulan Buruh/Karyawan/Pegawai menurut Provinsi dan Lapangan Usaha di 17 Sektor,"G Perdagangan Besar dan Eceran, Reparasi Mobil dan Sepeda Motor",2025,Februari,1619945,Rupiah,760024752074125189
SULAWESI BARAT,Rata-Rata Upah/Gaji Bersih Sebulan Buruh/Karyawan/Pegawai menurut Provinsi dan Lapangan Usaha di 17 Sektor,"G Perdagangan Besar dan Eceran, Reparasi Mobil dan Sepeda Motor",2025,Agustus,1926877,Rupiah,760024752074125190
SULAWESI BARAT,Rata-Rata Upah/Gaji Bersih Sebulan Buruh/Karyawan/Pegawai menurut Provinsi dan Lapangan Usaha di 17 Sektor,H Transportasi dan Pergudangan,2025,Februari,4165139,Rupiah,760024752075125189
SULAWESI BARAT,Rata-Rata Upah/Gaji Bersih Sebulan Buruh/Karyawan/Pegawai menurut Provinsi dan Lapangan Usaha di 17 Sektor,H Transportasi dan Pergudangan,2025,Agustus,2785735,Rupiah,760024752075125190
SULAWESI BARAT,Rata-Rata Upah/Gaji Bersih Sebulan Buruh/Karyawan/Pegawai menurut Provinsi dan Lapangan Usaha di 17 Sektor,I Penyediaan Akomodasi dan Makan Minum,2025,Februari,1158737,Rupiah,760024752076125189
SULAWESI BARAT,Rata-Rata Upah/Gaji Bersih Sebulan Buruh/Karyawan/Pegawai menurut Provinsi dan Lapangan Usaha di 17 Sektor,I Penyediaan Akomodasi dan Makan Minum,2025,Agustus,1365799,Rupiah,760024752076125190
SULAWESI BARAT,Rata-Rata Upah/Gaji Bersih Sebulan Buruh/Karyawan/Pegawai menurut Provinsi dan Lapangan Usaha di 17 Sektor,J Informasi dan Komunikasi,2025,Februari,3863549,Rupiah,760024752077125189
SULAWESI BARAT,Rata-Rata Upah/Gaji Bersih Sebulan Buruh/Karyawan/Pegawai menurut Provinsi dan Lapangan Usaha di 17 Sektor,J Informasi dan Komunikasi,2025,Agustus,3279581,Rupiah,760024752077125190
SULAWESI BARAT,Rata-Rata Upah/Gaji Bersih Sebulan Buruh/Karyawan/Pegawai menurut Provinsi dan Lapangan Usaha di 17 Sektor,K Jasa Keuangan dan Asuransi,2025,Februari,2888602,Rupiah,760024752078125189
SULAWESI BARAT,Rata-Rata Upah/Gaji Bersih Sebulan Buruh/Karyawan/Pegawai menurut Provinsi dan Lapangan Usaha di 17 Sektor,K Jasa Keuangan dan Asuransi,2025,Agustus,3750764,Rupiah,760024752078125190
SULAWESI BARAT,Rata-Rata Upah/Gaji Bersih Sebulan Buruh/Karyawan/Pegawai menurut Provinsi dan Lapangan Usaha di 17 Sektor,"M,N Jasa Perusahaan",2025,Februari,2660126,Rupiah,760024752080125189
SULAWESI BARAT,Rata-Rata Upah/Gaji Bersih Sebulan Buruh/Karyawan/Pegawai menurut Provinsi dan Lapangan Usaha di 17 Sektor,"M,N Jasa Perusahaan",2025,Agustus,2796597,Rupiah,760024752080125190
SULAWESI BARAT,Rata-Rata Upah/Gaji Bersih Sebulan Buruh/Karyawan/Pegawai menurut Provinsi dan Lapangan Usaha di 17 Sektor,"O Administrasi Pemerintahan, Pertahanan dan Jaminan Sosial Wajib",2025,Februari,3450372,Rupiah,760024752081125189
SULAWESI BARAT,Rata-Rata Upah/Gaji Bersih Sebulan Buruh/Karyawan/Pegawai menurut Provinsi dan Lapangan Usaha di 17 Sektor,"O Administrasi Pemerintahan, Pertahanan dan Jaminan Sosial Wajib",2025,Agustus,3479514,Rupiah,760024752081125190
SULAWESI BARAT,Rata-Rata Upah/Gaji Bersih Sebulan Buruh/Karyawan/Pegawai menurut Provinsi dan Lapangan Usaha di 17 Sektor,P Jasa Pendidikan,2025,Februari,2661188,Rupiah,760024752082125189
SULAWESI BARAT,Rata-Rata Upah/Gaji Bersih Sebulan Buruh/Karyawan/Pegawai menurut Provinsi dan Lapangan Usaha di 17 Sektor,P Jasa Pendidikan,2025,Agustus,2829577,Rupiah,760024752082125190
SULAWESI BARAT,Rata-Rata Upah/Gaji Bersih Sebulan Buruh/Karyawan/Pegawai menurut Provinsi dan Lapangan Usaha di 17 Sektor,Q Jasa Kesehatan dan Kegiatan Sosial,2025,Februari,2577650,Rupiah,760024752083125189
SULAWESI BARAT,Rata-Rata Upah/Gaji Bersih Sebulan Buruh/Karyawan/Pegawai menurut Provinsi dan Lapangan Usaha di 17 Sektor,Q Jasa Kesehatan dan Kegiatan Sosial,2025,Agustus,2917174,Rupiah,760024752083125190
SULAWESI BARAT,Rata-Rata Upah/Gaji Bersih Sebulan Buruh/Karyawan/Pegawai menurut Provinsi dan Lapangan Usaha di 17 Sektor,"R,S,T,U Jasa Lainnya",2025,Februari,1974074,Rupiah,760024752084125189
SULAWESI BARAT,Rata-Rata Upah/Gaji Bersih Sebulan Buruh/Karyawan/Pegawai menurut Provinsi dan Lapangan Usaha di 17 Sektor,"R,S,T,U Jasa Lainnya",2025,Agustus,1460849,Rupiah,760024752084125190
SULAWESI BARAT,Rata-Rata Upah/Gaji Bersih Sebulan Buruh/Karyawan/Pegawai menurut Provinsi dan Lapangan Usaha di 17 Sektor,Total,2025,Februari,2608578,Rupiah,760024752085125189
SULAWESI BARAT,Rata-Rata Upah/Gaji Bersih Sebulan Buruh/Karyawan/Pegawai menurut Provinsi dan Lapangan Usaha di 17 Sektor,Total,2025,Agustus,2698528,Rupiah,760024752085125190
MALUKU,Rata-Rata Upah/Gaji Bersih Sebulan Buruh/Karyawan/Pegawai menurut Provinsi dan Lapangan Usaha di 17 Sektor,"A Pertanian, Kehutanan dan Perikanan",2025,Februari,2209253,Rupiah,810024752068125189
MALUKU,Rata-Rata Upah/Gaji Bersih Sebulan Buruh/Karyawan/Pegawai menurut Provinsi dan Lapangan Usaha di 17 Sektor,"A Pertanian, Kehutanan dan Perikanan",2025,Agustus,2287230,Rupiah,810024752068125190
MALUKU,Rata-Rata Upah/Gaji Bersih Sebulan Buruh/Karyawan/Pegawai menurut Provinsi dan Lapangan Usaha di 17 Sektor,B Pertambangan dan Penggalian,2025,Februari,5328104,Rupiah,810024752069125189
MALUKU,Rata-Rata Upah/Gaji Bersih Sebulan Buruh/Karyawan/Pegawai menurut Provinsi dan Lapangan Usaha di 17 Sektor,B Pertambangan dan Penggalian,2025,Agustus,3402744,Rupiah,810024752069125190
MALUKU,Rata-Rata Upah/Gaji Bersih Sebulan Buruh/Karyawan/Pegawai menurut Provinsi dan Lapangan Usaha di 17 Sektor,C Industri Pengolahan,2025,Februari,2052163,Rupiah,810024752070125189
MALUKU,Rata-Rata Upah/Gaji Bersih Sebulan Buruh/Karyawan/Pegawai menurut Provinsi dan Lapangan Usaha di 17 Sektor,C Industri Pengolahan,2025,Agustus,2249330,Rupiah,810024752070125190
MALUKU,Rata-Rata Upah/Gaji Bersih Sebulan Buruh/Karyawan/Pegawai menurut Provinsi dan Lapangan Usaha di 17 Sektor,D Pengadaan Listrik dan Gas,2025,Februari,6934298,Rupiah,810024752071125189
MALUKU,Rata-Rata Upah/Gaji Bersih Sebulan Buruh/Karyawan/Pegawai menurut Provinsi dan Lapangan Usaha di 17 Sektor,D Pengadaan Listrik dan Gas,2025,Agustus,3210500,Rupiah,810024752071125190
MALUKU,Rata-Rata Upah/Gaji Bersih Sebulan Buruh/Karyawan/Pegawai menurut Provinsi dan Lapangan Usaha di 17 Sektor,"E Pengadaan Air, Pengelolaan Sampah, Limbah dan Daur Ulang",2025,Februari,2033980,Rupiah,810024752072125189
MALUKU,Rata-Rata Upah/Gaji Bersih Sebulan Buruh/Karyawan/Pegawai menurut Provinsi dan Lapangan Usaha di 17 Sektor,"E Pengadaan Air, Pengelolaan Sampah, Limbah dan Daur Ulang",2025,Agustus,3540341,Rupiah,810024752072125190
MALUKU,Rata-Rata Upah/Gaji Bersih Sebulan Buruh/Karyawan/Pegawai menurut Provinsi dan Lapangan Usaha di 17 Sektor,F Konstruksi,2025,Februari,2790697,Rupiah,810024752073125189
MALUKU,Rata-Rata Upah/Gaji Bersih Sebulan Buruh/Karyawan/Pegawai menurut Provinsi dan Lapangan Usaha di 17 Sektor,F Konstruksi,2025,Agustus,2838614,Rupiah,810024752073125190
MALUKU,Rata-Rata Upah/Gaji Bersih Sebulan Buruh/Karyawan/Pegawai menurut Provinsi dan Lapangan Usaha di 17 Sektor,"G Perdagangan Besar dan Eceran, Reparasi Mobil dan Sepeda Motor",2025,Februari,2236087,Rupiah,810024752074125189
MALUKU,Rata-Rata Upah/Gaji Bersih Sebulan Buruh/Karyawan/Pegawai menurut Provinsi dan Lapangan Usaha di 17 Sektor,"G Perdagangan Besar dan Eceran, Reparasi Mobil dan Sepeda Motor",2025,Agustus,2453694,Rupiah,810024752074125190
MALUKU,Rata-Rata Upah/Gaji Bersih Sebulan Buruh/Karyawan/Pegawai menurut Provinsi dan Lapangan Usaha di 17 Sektor,H Transportasi dan Pergudangan,2025,Februari,2227946,Rupiah,810024752075125189
MALUKU,Rata-Rata Upah/Gaji Bersih Sebulan Buruh/Karyawan/Pegawai menurut Provinsi dan Lapangan Usaha di 17 Sektor,H Transportasi dan Pergudangan,2025,Agustus,2468156,Rupiah,810024752075125190
MALUKU,Rata-Rata Upah/Gaji Bersih Sebulan Buruh/Karyawan/Pegawai menurut Provinsi dan Lapangan Usaha di 17 Sektor,I Penyediaan Akomodasi dan Makan Minum,2025,Februari,3288849,Rupiah,810024752076125189
MALUKU,Rata-Rata Upah/Gaji Bersih Sebulan Buruh/Karyawan/Pegawai menurut Provinsi dan Lapangan Usaha di 17 Sektor,I Penyediaan Akomodasi dan Makan Minum,2025,Agustus,1975443,Rupiah,810024752076125190
MALUKU,Rata-Rata Upah/Gaji Bersih Sebulan Buruh/Karyawan/Pegawai menurut Provinsi dan Lapangan Usaha di 17 Sektor,J Informasi dan Komunikasi,2025,Februari,3216165,Rupiah,810024752077125189
MALUKU,Rata-Rata Upah/Gaji Bersih Sebulan Buruh/Karyawan/Pegawai menurut Provinsi dan Lapangan Usaha di 17 Sektor,J Informasi dan Komunikasi,2025,Agustus,3480111,Rupiah,810024752077125190
MALUKU,Rata-Rata Upah/Gaji Bersih Sebulan Buruh/Karyawan/Pegawai menurut Provinsi dan Lapangan Usaha di 17 Sektor,K Jasa Keuangan dan Asuransi,2025,Februari,3147015,Rupiah,810024752078125189
MALUKU,Rata-Rata Upah/Gaji Bersih Sebulan Buruh/Karyawan/Pegawai menurut Provinsi dan Lapangan Usaha di 17 Sektor,K Jasa Keuangan dan Asuransi,2025,Agustus,3741986,Rupiah,810024752078125190
MALUKU,Rata-Rata Upah/Gaji Bersih Sebulan Buruh/Karyawan/Pegawai menurut Provinsi dan Lapangan Usaha di 17 Sektor,"M,N Jasa Perusahaan",2025,Februari,5931466,Rupiah,810024752080125189
MALUKU,Rata-Rata Upah/Gaji Bersih Sebulan Buruh/Karyawan/Pegawai menurut Provinsi dan Lapangan Usaha di 17 Sektor,"M,N Jasa Perusahaan",2025,Agustus,2346854,Rupiah,810024752080125190
MALUKU,Rata-Rata Upah/Gaji Bersih Sebulan Buruh/Karyawan/Pegawai menurut Provinsi dan Lapangan Usaha di 17 Sektor,"O Administrasi Pemerintahan, Pertahanan dan Jaminan Sosial Wajib",2025,Februari,3324240,Rupiah,810024752081125189
MALUKU,Rata-Rata Upah/Gaji Bersih Sebulan Buruh/Karyawan/Pegawai menurut Provinsi dan Lapangan Usaha di 17 Sektor,"O Administrasi Pemerintahan, Pertahanan dan Jaminan Sosial Wajib",2025,Agustus,4068192,Rupiah,810024752081125190
MALUKU,Rata-Rata Upah/Gaji Bersih Sebulan Buruh/Karyawan/Pegawai menurut Provinsi dan Lapangan Usaha di 17 Sektor,P Jasa Pendidikan,2025,Februari,2505962,Rupiah,810024752082125189
MALUKU,Rata-Rata Upah/Gaji Bersih Sebulan Buruh/Karyawan/Pegawai menurut Provinsi dan Lapangan Usaha di 17 Sektor,P Jasa Pendidikan,2025,Agustus,3075047,Rupiah,810024752082125190
MALUKU,Rata-Rata Upah/Gaji Bersih Sebulan Buruh/Karyawan/Pegawai menurut Provinsi dan Lapangan Usaha di 17 Sektor,Q Jasa Kesehatan dan Kegiatan Sosial,2025,Februari,2611553,Rupiah,810024752083125189
MALUKU,Rata-Rata Upah/Gaji Bersih Sebulan Buruh/Karyawan/Pegawai menurut Provinsi dan Lapangan Usaha di 17 Sektor,Q Jasa Kesehatan dan Kegiatan Sosial,2025,Agustus,2638356,Rupiah,810024752083125190
MALUKU,Rata-Rata Upah/Gaji Bersih Sebulan Buruh/Karyawan/Pegawai menurut Provinsi dan Lapangan Usaha di 17 Sektor,"R,S,T,U Jasa Lainnya",2025,Februari,1618032,Rupiah,810024752084125189
MALUKU,Rata-Rata Upah/Gaji Bersih Sebulan Buruh/Karyawan/Pegawai menurut Provinsi dan Lapangan Usaha di 17 Sektor,"R,S,T,U Jasa Lainnya",2025,Agustus,1810828,Rupiah,810024752084125190
MALUKU,Rata-Rata Upah/Gaji Bersih Sebulan Buruh/Karyawan/Pegawai menurut Provinsi dan Lapangan Usaha di 17 Sektor,Total,2025,Februari,2866807,Rupiah,810024752085125189
MALUKU,Rata-Rata Upah/Gaji Bersih Sebulan Buruh/Karyawan/Pegawai menurut Provinsi dan Lapangan Usaha di 17 Sektor,Total,2025,Agustus,3100805,Rupiah,810024752085125190
MALUKU UTARA,Rata-Rata Upah/Gaji Bersih Sebulan Buruh/Karyawan/Pegawai menurut Provinsi dan Lapangan Usaha di 17 Sektor,"A Pertanian, Kehutanan dan Perikanan",2025,Februari,2077638,Rupiah,820024752068125189
MALUKU UTARA,Rata-Rata Upah/Gaji Bersih Sebulan Buruh/Karyawan/Pegawai menurut Provinsi dan Lapangan Usaha di 17 Sektor,"A Pertanian, Kehutanan dan Perikanan",2025,Agustus,2469241,Rupiah,820024752068125190
MALUKU UTARA,Rata-Rata Upah/Gaji Bersih Sebulan Buruh/Karyawan/Pegawai menurut Provinsi dan Lapangan Usaha di 17 Sektor,B Pertambangan dan Penggalian,2025,Februari,6214463,Rupiah,820024752069125189
MALUKU UTARA,Rata-Rata Upah/Gaji Bersih Sebulan Buruh/Karyawan/Pegawai menurut Provinsi dan Lapangan Usaha di 17 Sektor,B Pertambangan dan Penggalian,2025,Agustus,6083756,Rupiah,820024752069125190
MALUKU UTARA,Rata-Rata Upah/Gaji Bersih Sebulan Buruh/Karyawan/Pegawai menurut Provinsi dan Lapangan Usaha di 17 Sektor,C Industri Pengolahan,2025,Februari,4432086,Rupiah,820024752070125189
MALUKU UTARA,Rata-Rata Upah/Gaji Bersih Sebulan Buruh/Karyawan/Pegawai menurut Provinsi dan Lapangan Usaha di 17 Sektor,C Industri Pengolahan,2025,Agustus,3678762,Rupiah,820024752070125190
MALUKU UTARA,Rata-Rata Upah/Gaji Bersih Sebulan Buruh/Karyawan/Pegawai menurut Provinsi dan Lapangan Usaha di 17 Sektor,D Pengadaan Listrik dan Gas,2025,Februari,4022953,Rupiah,820024752071125189
MALUKU UTARA,Rata-Rata Upah/Gaji Bersih Sebulan Buruh/Karyawan/Pegawai menurut Provinsi dan Lapangan Usaha di 17 Sektor,D Pengadaan Listrik dan Gas,2025,Agustus,3767542,Rupiah,820024752071125190
MALUKU UTARA,Rata-Rata Upah/Gaji Bersih Sebulan Buruh/Karyawan/Pegawai menurut Provinsi dan Lapangan Usaha di 17 Sektor,"E Pengadaan Air, Pengelolaan Sampah, Limbah dan Daur Ulang",2025,Agustus,3625311,Rupiah,820024752072125190
MALUKU UTARA,Rata-Rata Upah/Gaji Bersih Sebulan Buruh/Karyawan/Pegawai menurut Provinsi dan Lapangan Usaha di 17 Sektor,F Konstruksi,2025,Februari,3842881,Rupiah,820024752073125189
MALUKU UTARA,Rata-Rata Upah/Gaji Bersih Sebulan Buruh/Karyawan/Pegawai menurut Provinsi dan Lapangan Usaha di 17 Sektor,F Konstruksi,2025,Agustus,4209528,Rupiah,820024752073125190
MALUKU UTARA,Rata-Rata Upah/Gaji Bersih Sebulan Buruh/Karyawan/Pegawai menurut Provinsi dan Lapangan Usaha di 17 Sektor,"G Perdagangan Besar dan Eceran, Reparasi Mobil dan Sepeda Motor",2025,Februari,2159604,Rupiah,820024752074125189
MALUKU UTARA,Rata-Rata Upah/Gaji Bersih Sebulan Buruh/Karyawan/Pegawai menurut Provinsi dan Lapangan Usaha di 17 Sektor,"G Perdagangan Besar dan Eceran, Reparasi Mobil dan Sepeda Motor",2025,Agustus,2382428,Rupiah,820024752074125190
MALUKU UTARA,Rata-Rata Upah/Gaji Bersih Sebulan Buruh/Karyawan/Pegawai menurut Provinsi dan Lapangan Usaha di 17 Sektor,H Transportasi dan Pergudangan,2025,Februari,2701349,Rupiah,820024752075125189
MALUKU UTARA,Rata-Rata Upah/Gaji Bersih Sebulan Buruh/Karyawan/Pegawai menurut Provinsi dan Lapangan Usaha di 17 Sektor,H Transportasi dan Pergudangan,2025,Agustus,3096858,Rupiah,820024752075125190
MALUKU UTARA,Rata-Rata Upah/Gaji Bersih Sebulan Buruh/Karyawan/Pegawai menurut Provinsi dan Lapangan Usaha di 17 Sektor,I Penyediaan Akomodasi dan Makan Minum,2025,Februari,2564451,Rupiah,820024752076125189
MALUKU UTARA,Rata-Rata Upah/Gaji Bersih Sebulan Buruh/Karyawan/Pegawai menurut Provinsi dan Lapangan Usaha di 17 Sektor,I Penyediaan Akomodasi dan Makan Minum,2025,Agustus,1966681,Rupiah,820024752076125190
MALUKU UTARA,Rata-Rata Upah/Gaji Bersih Sebulan Buruh/Karyawan/Pegawai menurut Provinsi dan Lapangan Usaha di 17 Sektor,J Informasi dan Komunikasi,2025,Agustus,3534833,Rupiah,820024752077125190
MALUKU UTARA,Rata-Rata Upah/Gaji Bersih Sebulan Buruh/Karyawan/Pegawai menurut Provinsi dan Lapangan Usaha di 17 Sektor,K Jasa Keuangan dan Asuransi,2025,Februari,3414847,Rupiah,820024752078125189
MALUKU UTARA,Rata-Rata Upah/Gaji Bersih Sebulan Buruh/Karyawan/Pegawai menurut Provinsi dan Lapangan Usaha di 17 Sektor,K Jasa Keuangan dan Asuransi,2025,Agustus,4430168,Rupiah,820024752078125190
MALUKU UTARA,Rata-Rata Upah/Gaji Bersih Sebulan Buruh/Karyawan/Pegawai menurut Provinsi dan Lapangan Usaha di 17 Sektor,"M,N Jasa Perusahaan",2025,Februari,1818123,Rupiah,820024752080125189
MALUKU UTARA,Rata-Rata Upah/Gaji Bersih Sebulan Buruh/Karyawan/Pegawai menurut Provinsi dan Lapangan Usaha di 17 Sektor,"M,N Jasa Perusahaan",2025,Agustus,3238795,Rupiah,820024752080125190
MALUKU UTARA,Rata-Rata Upah/Gaji Bersih Sebulan Buruh/Karyawan/Pegawai menurut Provinsi dan Lapangan Usaha di 17 Sektor,"O Administrasi Pemerintahan, Pertahanan dan Jaminan Sosial Wajib",2025,Februari,3821400,Rupiah,820024752081125189
MALUKU UTARA,Rata-Rata Upah/Gaji Bersih Sebulan Buruh/Karyawan/Pegawai menurut Provinsi dan Lapangan Usaha di 17 Sektor,"O Administrasi Pemerintahan, Pertahanan dan Jaminan Sosial Wajib",2025,Agustus,4076545,Rupiah,820024752081125190
MALUKU UTARA,Rata-Rata Upah/Gaji Bersih Sebulan Buruh/Karyawan/Pegawai menurut Provinsi dan Lapangan Usaha di 17 Sektor,P Jasa Pendidikan,2025,Februari,3381686,Rupiah,820024752082125189
MALUKU UTARA,Rata-Rata Upah/Gaji Bersih Sebulan Buruh/Karyawan/Pegawai menurut Provinsi dan Lapangan Usaha di 17 Sektor,P Jasa Pendidikan,2025,Agustus,3238464,Rupiah,820024752082125190
MALUKU UTARA,Rata-Rata Upah/Gaji Bersih Sebulan Buruh/Karyawan/Pegawai menurut Provinsi dan Lapangan Usaha di 17 Sektor,Q Jasa Kesehatan dan Kegiatan Sosial,2025,Februari,2827651,Rupiah,820024752083125189
MALUKU UTARA,Rata-Rata Upah/Gaji Bersih Sebulan Buruh/Karyawan/Pegawai menurut Provinsi dan Lapangan Usaha di 17 Sektor,Q Jasa Kesehatan dan Kegiatan Sosial,2025,Agustus,3208463,Rupiah,820024752083125190
MALUKU UTARA,Rata-Rata Upah/Gaji Bersih Sebulan Buruh/Karyawan/Pegawai menurut Provinsi dan Lapangan Usaha di 17 Sektor,"R,S,T,U Jasa Lainnya",2025,Februari,1561323,Rupiah,820024752084125189
MALUKU UTARA,Rata-Rata Upah/Gaji Bersih Sebulan Buruh/Karyawan/Pegawai menurut Provinsi dan Lapangan Usaha di 17 Sektor,"R,S,T,U Jasa Lainnya",2025,Agustus,2226967,Rupiah,820024752084125190
MALUKU UTARA,Rata-Rata Upah/Gaji Bersih Sebulan Buruh/Karyawan/Pegawai menurut Provinsi dan Lapangan Usaha di 17 Sektor,Total,2025,Februari,3666126,Rupiah,820024752085125189
MALUKU UTARA,Rata-Rata Upah/Gaji Bersih Sebulan Buruh/Karyawan/Pegawai menurut Provinsi dan Lapangan Usaha di 17 Sektor,Total,2025,Agustus,3620219,Rupiah,820024752085125190
PAPUA BARAT,Rata-Rata Upah/Gaji Bersih Sebulan Buruh/Karyawan/Pegawai menurut Provinsi dan Lapangan Usaha di 17 Sektor,"A Pertanian, Kehutanan dan Perikanan",2025,Februari,2241272,Rupiah,910024752068125189
PAPUA BARAT,Rata-Rata Upah/Gaji Bersih Sebulan Buruh/Karyawan/Pegawai menurut Provinsi dan Lapangan Usaha di 17 Sektor,"A Pertanian, Kehutanan dan Perikanan",2025,Agustus,3085260,Rupiah,910024752068125190
PAPUA BARAT,Rata-Rata Upah/Gaji Bersih Sebulan Buruh/Karyawan/Pegawai menurut Provinsi dan Lapangan Usaha di 17 Sektor,B Pertambangan dan Penggalian,2025,Agustus,5176964,Rupiah,910024752069125190
PAPUA BARAT,Rata-Rata Upah/Gaji Bersih Sebulan Buruh/Karyawan/Pegawai menurut Provinsi dan Lapangan Usaha di 17 Sektor,C Industri Pengolahan,2025,Februari,3416080,Rupiah,910024752070125189
PAPUA BARAT,Rata-Rata Upah/Gaji Bersih Sebulan Buruh/Karyawan/Pegawai menurut Provinsi dan Lapangan Usaha di 17 Sektor,C Industri Pengolahan,2025,Agustus,2852189,Rupiah,910024752070125190
PAPUA BARAT,Rata-Rata Upah/Gaji Bersih Sebulan Buruh/Karyawan/Pegawai menurut Provinsi dan Lapangan Usaha di 17 Sektor,D Pengadaan Listrik dan Gas,2025,Februari,3397710,Rupiah,910024752071125189
PAPUA BARAT,Rata-Rata Upah/Gaji Bersih Sebulan Buruh/Karyawan/Pegawai menurut Provinsi dan Lapangan Usaha di 17 Sektor,"E Pengadaan Air, Pengelolaan Sampah, Limbah dan Daur Ulang",2025,Februari,1801697,Rupiah,910024752072125189
PAPUA BARAT,Rata-Rata Upah/Gaji Bersih Sebulan Buruh/Karyawan/Pegawai menurut Provinsi dan Lapangan Usaha di 17 Sektor,"E Pengadaan Air, Pengelolaan Sampah, Limbah dan Daur Ulang",2025,Agustus,3928482,Rupiah,910024752072125190
PAPUA BARAT,Rata-Rata Upah/Gaji Bersih Sebulan Buruh/Karyawan/Pegawai menurut Provinsi dan Lapangan Usaha di 17 Sektor,F Konstruksi,2025,Februari,4324175,Rupiah,910024752073125189
PAPUA BARAT,Rata-Rata Upah/Gaji Bersih Sebulan Buruh/Karyawan/Pegawai menurut Provinsi dan Lapangan Usaha di 17 Sektor,F Konstruksi,2025,Agustus,3537234,Rupiah,910024752073125190
PAPUA BARAT,Rata-Rata Upah/Gaji Bersih Sebulan Buruh/Karyawan/Pegawai menurut Provinsi dan Lapangan Usaha di 17 Sektor,"G Perdagangan Besar dan Eceran, Reparasi Mobil dan Sepeda Motor",2025,Februari,2433288,Rupiah,910024752074125189
PAPUA BARAT,Rata-Rata Upah/Gaji Bersih Sebulan Buruh/Karyawan/Pegawai menurut Provinsi dan Lapangan Usaha di 17 Sektor,"G Perdagangan Besar dan Eceran, Reparasi Mobil dan Sepeda Motor",2025,Agustus,2702393,Rupiah,910024752074125190
PAPUA BARAT,Rata-Rata Upah/Gaji Bersih Sebulan Buruh/Karyawan/Pegawai menurut Provinsi dan Lapangan Usaha di 17 Sektor,H Transportasi dan Pergudangan,2025,Februari,2649044,Rupiah,910024752075125189
PAPUA BARAT,Rata-Rata Upah/Gaji Bersih Sebulan Buruh/Karyawan/Pegawai menurut Provinsi dan Lapangan Usaha di 17 Sektor,H Transportasi dan Pergudangan,2025,Agustus,2795701,Rupiah,910024752075125190
PAPUA BARAT,Rata-Rata Upah/Gaji Bersih Sebulan Buruh/Karyawan/Pegawai menurut Provinsi dan Lapangan Usaha di 17 Sektor,I Penyediaan Akomodasi dan Makan Minum,2025,Februari,3427161,Rupiah,910024752076125189
PAPUA BARAT,Rata-Rata Upah/Gaji Bersih Sebulan Buruh/Karyawan/Pegawai menurut Provinsi dan Lapangan Usaha di 17 Sektor,I Penyediaan Akomodasi dan Makan Minum,2025,Agustus,2915459,Rupiah,910024752076125190
PAPUA BARAT,Rata-Rata Upah/Gaji Bersih Sebulan Buruh/Karyawan/Pegawai menurut Provinsi dan Lapangan Usaha di 17 Sektor,J Informasi dan Komunikasi,2025,Februari,3077236,Rupiah,910024752077125189
PAPUA BARAT,Rata-Rata Upah/Gaji Bersih Sebulan Buruh/Karyawan/Pegawai menurut Provinsi dan Lapangan Usaha di 17 Sektor,J Informasi dan Komunikasi,2025,Agustus,3649834,Rupiah,910024752077125190
PAPUA BARAT,Rata-Rata Upah/Gaji Bersih Sebulan Buruh/Karyawan/Pegawai menurut Provinsi dan Lapangan Usaha di 17 Sektor,K Jasa Keuangan dan Asuransi,2025,Februari,3499859,Rupiah,910024752078125189
PAPUA BARAT,Rata-Rata Upah/Gaji Bersih Sebulan Buruh/Karyawan/Pegawai menurut Provinsi dan Lapangan Usaha di 17 Sektor,K Jasa Keuangan dan Asuransi,2025,Agustus,4275717,Rupiah,910024752078125190
PAPUA BARAT,Rata-Rata Upah/Gaji Bersih Sebulan Buruh/Karyawan/Pegawai menurut Provinsi dan Lapangan Usaha di 17 Sektor,"M,N Jasa Perusahaan",2025,Februari,2961877,Rupiah,910024752080125189
PAPUA BARAT,Rata-Rata Upah/Gaji Bersih Sebulan Buruh/Karyawan/Pegawai menurut Provinsi dan Lapangan Usaha di 17 Sektor,"M,N Jasa Perusahaan",2025,Agustus,2954060,Rupiah,910024752080125190
PAPUA BARAT,Rata-Rata Upah/Gaji Bersih Sebulan Buruh/Karyawan/Pegawai menurut Provinsi dan Lapangan Usaha di 17 Sektor,"O Administrasi Pemerintahan, Pertahanan dan Jaminan Sosial Wajib",2025,Februari,3852547,Rupiah,910024752081125189
PAPUA BARAT,Rata-Rata Upah/Gaji Bersih Sebulan Buruh/Karyawan/Pegawai menurut Provinsi dan Lapangan Usaha di 17 Sektor,"O Administrasi Pemerintahan, Pertahanan dan Jaminan Sosial Wajib",2025,Agustus,4299481,Rupiah,910024752081125190
PAPUA BARAT,Rata-Rata Upah/Gaji Bersih Sebulan Buruh/Karyawan/Pegawai menurut Provinsi dan Lapangan Usaha di 17 Sektor,P Jasa Pendidikan,2025,Februari,3625417,Rupiah,910024752082125189
PAPUA BARAT,Rata-Rata Upah/Gaji Bersih Sebulan Buruh/Karyawan/Pegawai menurut Provinsi dan Lapangan Usaha di 17 Sektor,P Jasa Pendidikan,2025,Agustus,3535228,Rupiah,910024752082125190
PAPUA BARAT,Rata-Rata Upah/Gaji Bersih Sebulan Buruh/Karyawan/Pegawai menurut Provinsi dan Lapangan Usaha di 17 Sektor,Q Jasa Kesehatan dan Kegiatan Sosial,2025,Februari,3246092,Rupiah,910024752083125189
PAPUA BARAT,Rata-Rata Upah/Gaji Bersih Sebulan Buruh/Karyawan/Pegawai menurut Provinsi dan Lapangan Usaha di 17 Sektor,Q Jasa Kesehatan dan Kegiatan Sosial,2025,Agustus,4193201,Rupiah,910024752083125190
PAPUA BARAT,Rata-Rata Upah/Gaji Bersih Sebulan Buruh/Karyawan/Pegawai menurut Provinsi dan Lapangan Usaha di 17 Sektor,"R,S,T,U Jasa Lainnya",2025,Februari,2246053,Rupiah,910024752084125189
PAPUA BARAT,Rata-Rata Upah/Gaji Bersih Sebulan Buruh/Karyawan/Pegawai menurut Provinsi dan Lapangan Usaha di 17 Sektor,"R,S,T,U Jasa Lainnya",2025,Agustus,2429632,Rupiah,910024752084125190
PAPUA BARAT,Rata-Rata Upah/Gaji Bersih Sebulan Buruh/Karyawan/Pegawai menurut Provinsi dan Lapangan Usaha di 17 Sektor,Total,2025,Februari,3459119,Rupiah,910024752085125189
PAPUA BARAT,Rata-Rata Upah/Gaji Bersih Sebulan Buruh/Karyawan/Pegawai menurut Provinsi dan Lapangan Usaha di 17 Sektor,Total,2025,Agustus,3765973,Rupiah,910024752085125190
PAPUA BARAT DAYA,Rata-Rata Upah/Gaji Bersih Sebulan Buruh/Karyawan/Pegawai menurut Provinsi dan Lapangan Usaha di 17 Sektor,"A Pertanian, Kehutanan dan Perikanan",2025,Februari,2633855,Rupiah,920024752068125189
PAPUA BARAT DAYA,Rata-Rata Upah/Gaji Bersih Sebulan Buruh/Karyawan/Pegawai menurut Provinsi dan Lapangan Usaha di 17 Sektor,"A Pertanian, Kehutanan dan Perikanan",2025,Agustus,3438178,Rupiah,920024752068125190
PAPUA BARAT DAYA,Rata-Rata Upah/Gaji Bersih Sebulan Buruh/Karyawan/Pegawai menurut Provinsi dan Lapangan Usaha di 17 Sektor,B Pertambangan dan Penggalian,2025,Februari,9301825,Rupiah,920024752069125189
PAPUA BARAT DAYA,Rata-Rata Upah/Gaji Bersih Sebulan Buruh/Karyawan/Pegawai menurut Provinsi dan Lapangan Usaha di 17 Sektor,B Pertambangan dan Penggalian,2025,Agustus,4768339,Rupiah,920024752069125190
PAPUA BARAT DAYA,Rata-Rata Upah/Gaji Bersih Sebulan Buruh/Karyawan/Pegawai menurut Provinsi dan Lapangan Usaha di 17 Sektor,C Industri Pengolahan,2025,Februari,3280833,Rupiah,920024752070125189
PAPUA BARAT DAYA,Rata-Rata Upah/Gaji Bersih Sebulan Buruh/Karyawan/Pegawai menurut Provinsi dan Lapangan Usaha di 17 Sektor,C Industri Pengolahan,2025,Agustus,3547451,Rupiah,920024752070125190
PAPUA BARAT DAYA,Rata-Rata Upah/Gaji Bersih Sebulan Buruh/Karyawan/Pegawai menurut Provinsi dan Lapangan Usaha di 17 Sektor,D Pengadaan Listrik dan Gas,2025,Februari,5456013,Rupiah,920024752071125189
PAPUA BARAT DAYA,Rata-Rata Upah/Gaji Bersih Sebulan Buruh/Karyawan/Pegawai menurut Provinsi dan Lapangan Usaha di 17 Sektor,D Pengadaan Listrik dan Gas,2025,Agustus,4066262,Rupiah,920024752071125190
PAPUA BARAT DAYA,Rata-Rata Upah/Gaji Bersih Sebulan Buruh/Karyawan/Pegawai menurut Provinsi dan Lapangan Usaha di 17 Sektor,F Konstruksi,2025,Februari,3198870,Rupiah,920024752073125189
PAPUA BARAT DAYA,Rata-Rata Upah/Gaji Bersih Sebulan Buruh/Karyawan/Pegawai menurut Provinsi dan Lapangan Usaha di 17 Sektor,F Konstruksi,2025,Agustus,4605899,Rupiah,920024752073125190
PAPUA BARAT DAYA,Rata-Rata Upah/Gaji Bersih Sebulan Buruh/Karyawan/Pegawai menurut Provinsi dan Lapangan Usaha di 17 Sektor,"G Perdagangan Besar dan Eceran, Reparasi Mobil dan Sepeda Motor",2025,Februari,3209207,Rupiah,920024752074125189
PAPUA BARAT DAYA,Rata-Rata Upah/Gaji Bersih Sebulan Buruh/Karyawan/Pegawai menurut Provinsi dan Lapangan Usaha di 17 Sektor,"G Perdagangan Besar dan Eceran, Reparasi Mobil dan Sepeda Motor",2025,Agustus,3122736,Rupiah,920024752074125190
PAPUA BARAT DAYA,Rata-Rata Upah/Gaji Bersih Sebulan Buruh/Karyawan/Pegawai menurut Provinsi dan Lapangan Usaha di 17 Sektor,H Transportasi dan Pergudangan,2025,Februari,3377192,Rupiah,920024752075125189
PAPUA BARAT DAYA,Rata-Rata Upah/Gaji Bersih Sebulan Buruh/Karyawan/Pegawai menurut Provinsi dan Lapangan Usaha di 17 Sektor,H Transportasi dan Pergudangan,2025,Agustus,3181558,Rupiah,920024752075125190
PAPUA BARAT DAYA,Rata-Rata Upah/Gaji Bersih Sebulan Buruh/Karyawan/Pegawai menurut Provinsi dan Lapangan Usaha di 17 Sektor,I Penyediaan Akomodasi dan Makan Minum,2025,Februari,2181146,Rupiah,920024752076125189
PAPUA BARAT DAYA,Rata-Rata Upah/Gaji Bersih Sebulan Buruh/Karyawan/Pegawai menurut Provinsi dan Lapangan Usaha di 17 Sektor,I Penyediaan Akomodasi dan Makan Minum,2025,Agustus,2697077,Rupiah,920024752076125190
PAPUA BARAT DAYA,Rata-Rata Upah/Gaji Bersih Sebulan Buruh/Karyawan/Pegawai menurut Provinsi dan Lapangan Usaha di 17 Sektor,J Informasi dan Komunikasi,2025,Februari,3046246,Rupiah,920024752077125189
PAPUA BARAT DAYA,Rata-Rata Upah/Gaji Bersih Sebulan Buruh/Karyawan/Pegawai menurut Provinsi dan Lapangan Usaha di 17 Sektor,J Informasi dan Komunikasi,2025,Agustus,6164638,Rupiah,920024752077125190
PAPUA BARAT DAYA,Rata-Rata Upah/Gaji Bersih Sebulan Buruh/Karyawan/Pegawai menurut Provinsi dan Lapangan Usaha di 17 Sektor,K Jasa Keuangan dan Asuransi,2025,Februari,4300000,Rupiah,920024752078125189
PAPUA BARAT DAYA,Rata-Rata Upah/Gaji Bersih Sebulan Buruh/Karyawan/Pegawai menurut Provinsi dan Lapangan Usaha di 17 Sektor,K Jasa Keuangan dan Asuransi,2025,Agustus,4460691,Rupiah,920024752078125190
PAPUA BARAT DAYA,Rata-Rata Upah/Gaji Bersih Sebulan Buruh/Karyawan/Pegawai menurut Provinsi dan Lapangan Usaha di 17 Sektor,"M,N Jasa Perusahaan",2025,Februari,3178438,Rupiah,920024752080125189
PAPUA BARAT DAYA,Rata-Rata Upah/Gaji Bersih Sebulan Buruh/Karyawan/Pegawai menurut Provinsi dan Lapangan Usaha di 17 Sektor,"M,N Jasa Perusahaan",2025,Agustus,4401129,Rupiah,920024752080125190
PAPUA BARAT DAYA,Rata-Rata Upah/Gaji Bersih Sebulan Buruh/Karyawan/Pegawai menurut Provinsi dan Lapangan Usaha di 17 Sektor,"O Administrasi Pemerintahan, Pertahanan dan Jaminan Sosial Wajib",2025,Februari,3481806,Rupiah,920024752081125189
PAPUA BARAT DAYA,Rata-Rata Upah/Gaji Bersih Sebulan Buruh/Karyawan/Pegawai menurut Provinsi dan Lapangan Usaha di 17 Sektor,"O Administrasi Pemerintahan, Pertahanan dan Jaminan Sosial Wajib",2025,Agustus,4325070,Rupiah,920024752081125190
PAPUA BARAT DAYA,Rata-Rata Upah/Gaji Bersih Sebulan Buruh/Karyawan/Pegawai menurut Provinsi dan Lapangan Usaha di 17 Sektor,P Jasa Pendidikan,2025,Februari,3456068,Rupiah,920024752082125189
PAPUA BARAT DAYA,Rata-Rata Upah/Gaji Bersih Sebulan Buruh/Karyawan/Pegawai menurut Provinsi dan Lapangan Usaha di 17 Sektor,P Jasa Pendidikan,2025,Agustus,3567839,Rupiah,920024752082125190
PAPUA BARAT DAYA,Rata-Rata Upah/Gaji Bersih Sebulan Buruh/Karyawan/Pegawai menurut Provinsi dan Lapangan Usaha di 17 Sektor,Q Jasa Kesehatan dan Kegiatan Sosial,2025,Februari,3377832,Rupiah,920024752083125189
PAPUA BARAT DAYA,Rata-Rata Upah/Gaji Bersih Sebulan Buruh/Karyawan/Pegawai menurut Provinsi dan Lapangan Usaha di 17 Sektor,Q Jasa Kesehatan dan Kegiatan Sosial,2025,Agustus,3656038,Rupiah,920024752083125190
PAPUA BARAT DAYA,Rata-Rata Upah/Gaji Bersih Sebulan Buruh/Karyawan/Pegawai menurut Provinsi dan Lapangan Usaha di 17 Sektor,"R,S,T,U Jasa Lainnya",2025,Februari,2849442,Rupiah,920024752084125189
PAPUA BARAT DAYA,Rata-Rata Upah/Gaji Bersih Sebulan Buruh/Karyawan/Pegawai menurut Provinsi dan Lapangan Usaha di 17 Sektor,"R,S,T,U Jasa Lainnya",2025,Agustus,3176755,Rupiah,920024752084125190
PAPUA BARAT DAYA,Rata-Rata Upah/Gaji Bersih Sebulan Buruh/Karyawan/Pegawai menurut Provinsi dan Lapangan Usaha di 17 Sektor,Total,2025,Februari,3644386,Rupiah,920024752085125189
PAPUA BARAT DAYA,Rata-Rata Upah/Gaji Bersih Sebulan Buruh/Karyawan/Pegawai menurut Provinsi dan Lapangan Usaha di 17 Sektor,Total,2025,Agustus,3837947,Rupiah,920024752085125190
PAPUA,Rata-Rata Upah/Gaji Bersih Sebulan Buruh/Karyawan/Pegawai menurut Provinsi dan Lapangan Usaha di 17 Sektor,"A Pertanian, Kehutanan dan Perikanan",2025,Februari,3194849,Rupiah,940024752068125189
PAPUA,Rata-Rata Upah/Gaji Bersih Sebulan Buruh/Karyawan/Pegawai menurut Provinsi dan Lapangan Usaha di 17 Sektor,"A Pertanian, Kehutanan dan Perikanan",2025,Agustus,3702570,Rupiah,940024752068125190
PAPUA,Rata-Rata Upah/Gaji Bersih Sebulan Buruh/Karyawan/Pegawai menurut Provinsi dan Lapangan Usaha di 17 Sektor,B Pertambangan dan Penggalian,2025,Februari,4619776,Rupiah,940024752069125189
PAPUA,Rata-Rata Upah/Gaji Bersih Sebulan Buruh/Karyawan/Pegawai menurut Provinsi dan Lapangan Usaha di 17 Sektor,B Pertambangan dan Penggalian,2025,Agustus,4856000,Rupiah,940024752069125190
PAPUA,Rata-Rata Upah/Gaji Bersih Sebulan Buruh/Karyawan/Pegawai menurut Provinsi dan Lapangan Usaha di 17 Sektor,C Industri Pengolahan,2025,Februari,2886703,Rupiah,940024752070125189
PAPUA,Rata-Rata Upah/Gaji Bersih Sebulan Buruh/Karyawan/Pegawai menurut Provinsi dan Lapangan Usaha di 17 Sektor,C Industri Pengolahan,2025,Agustus,4942013,Rupiah,940024752070125190
PAPUA,Rata-Rata Upah/Gaji Bersih Sebulan Buruh/Karyawan/Pegawai menurut Provinsi dan Lapangan Usaha di 17 Sektor,D Pengadaan Listrik dan Gas,2025,Februari,4815704,Rupiah,940024752071125189
PAPUA,Rata-Rata Upah/Gaji Bersih Sebulan Buruh/Karyawan/Pegawai menurut Provinsi dan Lapangan Usaha di 17 Sektor,D Pengadaan Listrik dan Gas,2025,Agustus,6169643,Rupiah,940024752071125190
PAPUA,Rata-Rata Upah/Gaji Bersih Sebulan Buruh/Karyawan/Pegawai menurut Provinsi dan Lapangan Usaha di 17 Sektor,"E Pengadaan Air, Pengelolaan Sampah, Limbah dan Daur Ulang",2025,Agustus,4305836,Rupiah,940024752072125190
PAPUA,Rata-Rata Upah/Gaji Bersih Sebulan Buruh/Karyawan/Pegawai menurut Provinsi dan Lapangan Usaha di 17 Sektor,F Konstruksi,2025,Februari,3154949,Rupiah,940024752073125189
PAPUA,Rata-Rata Upah/Gaji Bersih Sebulan Buruh/Karyawan/Pegawai menurut Provinsi dan Lapangan Usaha di 17 Sektor,F Konstruksi,2025,Agustus,4027445,Rupiah,940024752073125190
PAPUA,Rata-Rata Upah/Gaji Bersih Sebulan Buruh/Karyawan/Pegawai menurut Provinsi dan Lapangan Usaha di 17 Sektor,"G Perdagangan Besar dan Eceran, Reparasi Mobil dan Sepeda Motor",2025,Februari,3762507,Rupiah,940024752074125189
PAPUA,Rata-Rata Upah/Gaji Bersih Sebulan Buruh/Karyawan/Pegawai menurut Provinsi dan Lapangan Usaha di 17 Sektor,"G Perdagangan Besar dan Eceran, Reparasi Mobil dan Sepeda Motor",2025,Agustus,4007967,Rupiah,940024752074125190
PAPUA,Rata-Rata Upah/Gaji Bersih Sebulan Buruh/Karyawan/Pegawai menurut Provinsi dan Lapangan Usaha di 17 Sektor,H Transportasi dan Pergudangan,2025,Februari,2378473,Rupiah,940024752075125189
PAPUA,Rata-Rata Upah/Gaji Bersih Sebulan Buruh/Karyawan/Pegawai menurut Provinsi dan Lapangan Usaha di 17 Sektor,H Transportasi dan Pergudangan,2025,Agustus,3858197,Rupiah,940024752075125190
PAPUA,Rata-Rata Upah/Gaji Bersih Sebulan Buruh/Karyawan/Pegawai menurut Provinsi dan Lapangan Usaha di 17 Sektor,I Penyediaan Akomodasi dan Makan Minum,2025,Februari,5132174,Rupiah,940024752076125189
PAPUA,Rata-Rata Upah/Gaji Bersih Sebulan Buruh/Karyawan/Pegawai menurut Provinsi dan Lapangan Usaha di 17 Sektor,I Penyediaan Akomodasi dan Makan Minum,2025,Agustus,2706006,Rupiah,940024752076125190
PAPUA,Rata-Rata Upah/Gaji Bersih Sebulan Buruh/Karyawan/Pegawai menurut Provinsi dan Lapangan Usaha di 17 Sektor,J Informasi dan Komunikasi,2025,Februari,4805320,Rupiah,940024752077125189
PAPUA,Rata-Rata Upah/Gaji Bersih Sebulan Buruh/Karyawan/Pegawai menurut Provinsi dan Lapangan Usaha di 17 Sektor,J Informasi dan Komunikasi,2025,Agustus,4042799,Rupiah,940024752077125190
PAPUA,Rata-Rata Upah/Gaji Bersih Sebulan Buruh/Karyawan/Pegawai menurut Provinsi dan Lapangan Usaha di 17 Sektor,K Jasa Keuangan dan Asuransi,2025,Februari,5479091,Rupiah,940024752078125189
PAPUA,Rata-Rata Upah/Gaji Bersih Sebulan Buruh/Karyawan/Pegawai menurut Provinsi dan Lapangan Usaha di 17 Sektor,K Jasa Keuangan dan Asuransi,2025,Agustus,7042557,Rupiah,940024752078125190
PAPUA,Rata-Rata Upah/Gaji Bersih Sebulan Buruh/Karyawan/Pegawai menurut Provinsi dan Lapangan Usaha di 17 Sektor,"M,N Jasa Perusahaan",2025,Februari,4195521,Rupiah,940024752080125189
PAPUA,Rata-Rata Upah/Gaji Bersih Sebulan Buruh/Karyawan/Pegawai menurut Provinsi dan Lapangan Usaha di 17 Sektor,"M,N Jasa Perusahaan",2025,Agustus,3937959,Rupiah,940024752080125190
PAPUA,Rata-Rata Upah/Gaji Bersih Sebulan Buruh/Karyawan/Pegawai menurut Provinsi dan Lapangan Usaha di 17 Sektor,"O Administrasi Pemerintahan, Pertahanan dan Jaminan Sosial Wajib",2025,Februari,4448848,Rupiah,940024752081125189
PAPUA,Rata-Rata Upah/Gaji Bersih Sebulan Buruh/Karyawan/Pegawai menurut Provinsi dan Lapangan Usaha di 17 Sektor,"O Administrasi Pemerintahan, Pertahanan dan Jaminan Sosial Wajib",2025,Agustus,5128804,Rupiah,940024752081125190
PAPUA,Rata-Rata Upah/Gaji Bersih Sebulan Buruh/Karyawan/Pegawai menurut Provinsi dan Lapangan Usaha di 17 Sektor,P Jasa Pendidikan,2025,Februari,4036817,Rupiah,940024752082125189
PAPUA,Rata-Rata Upah/Gaji Bersih Sebulan Buruh/Karyawan/Pegawai menurut Provinsi dan Lapangan Usaha di 17 Sektor,P Jasa Pendidikan,2025,Agustus,3683659,Rupiah,940024752082125190
PAPUA,Rata-Rata Upah/Gaji Bersih Sebulan Buruh/Karyawan/Pegawai menurut Provinsi dan Lapangan Usaha di 17 Sektor,Q Jasa Kesehatan dan Kegiatan Sosial,2025,Februari,3388391,Rupiah,940024752083125189
PAPUA,Rata-Rata Upah/Gaji Bersih Sebulan Buruh/Karyawan/Pegawai menurut Provinsi dan Lapangan Usaha di 17 Sektor,Q Jasa Kesehatan dan Kegiatan Sosial,2025,Agustus,3896079,Rupiah,940024752083125190
PAPUA,Rata-Rata Upah/Gaji Bersih Sebulan Buruh/Karyawan/Pegawai menurut Provinsi dan Lapangan Usaha di 17 Sektor,"R,S,T,U Jasa Lainnya",2025,Februari,2681829,Rupiah,940024752084125189
PAPUA,Rata-Rata Upah/Gaji Bersih Sebulan Buruh/Karyawan/Pegawai menurut Provinsi dan Lapangan Usaha di 17 Sektor,"R,S,T,U Jasa Lainnya",2025,Agustus,2899547,Rupiah,940024752084125190
PAPUA,Rata-Rata Upah/Gaji Bersih Sebulan Buruh/Karyawan/Pegawai menurut Provinsi dan Lapangan Usaha di 17 Sektor,Total,2025,Februari,3984589,Rupiah,940024752085125189
PAPUA,Rata-Rata Upah/Gaji Bersih Sebulan Buruh/Karyawan/Pegawai menurut Provinsi dan Lapangan Usaha di 17 Sektor,Total,2025,Agustus,4426645,Rupiah,940024752085125190
PAPUA SELATAN,Rata-Rata Upah/Gaji Bersih Sebulan Buruh/Karyawan/Pegawai menurut Provinsi dan Lapangan Usaha di 17 Sektor,"A Pertanian, Kehutanan dan Perikanan",2025,Februari,4332132,Rupiah,950024752068125189
PAPUA SELATAN,Rata-Rata Upah/Gaji Bersih Sebulan Buruh/Karyawan/Pegawai menurut Provinsi dan Lapangan Usaha di 17 Sektor,"A Pertanian, Kehutanan dan Perikanan",2025,Agustus,4685930,Rupiah,950024752068125190
PAPUA SELATAN,Rata-Rata Upah/Gaji Bersih Sebulan Buruh/Karyawan/Pegawai menurut Provinsi dan Lapangan Usaha di 17 Sektor,C Industri Pengolahan,2025,Februari,3112020,Rupiah,950024752070125189
PAPUA SELATAN,Rata-Rata Upah/Gaji Bersih Sebulan Buruh/Karyawan/Pegawai menurut Provinsi dan Lapangan Usaha di 17 Sektor,C Industri Pengolahan,2025,Agustus,3156243,Rupiah,950024752070125190
PAPUA SELATAN,Rata-Rata Upah/Gaji Bersih Sebulan Buruh/Karyawan/Pegawai menurut Provinsi dan Lapangan Usaha di 17 Sektor,D Pengadaan Listrik dan Gas,2025,Februari,4483736,Rupiah,950024752071125189
PAPUA SELATAN,Rata-Rata Upah/Gaji Bersih Sebulan Buruh/Karyawan/Pegawai menurut Provinsi dan Lapangan Usaha di 17 Sektor,D Pengadaan Listrik dan Gas,2025,Agustus,3729948,Rupiah,950024752071125190
PAPUA SELATAN,Rata-Rata Upah/Gaji Bersih Sebulan Buruh/Karyawan/Pegawai menurut Provinsi dan Lapangan Usaha di 17 Sektor,"E Pengadaan Air, Pengelolaan Sampah, Limbah dan Daur Ulang",2025,Agustus,3731429,Rupiah,950024752072125190
PAPUA SELATAN,Rata-Rata Upah/Gaji Bersih Sebulan Buruh/Karyawan/Pegawai menurut Provinsi dan Lapangan Usaha di 17 Sektor,F Konstruksi,2025,Februari,3360988,Rupiah,950024752073125189
PAPUA SELATAN,Rata-Rata Upah/Gaji Bersih Sebulan Buruh/Karyawan/Pegawai menurut Provinsi dan Lapangan Usaha di 17 Sektor,F Konstruksi,2025,Agustus,3937978,Rupiah,950024752073125190
PAPUA SELATAN,Rata-Rata Upah/Gaji Bersih Sebulan Buruh/Karyawan/Pegawai menurut Provinsi dan Lapangan Usaha di 17 Sektor,"G Perdagangan Besar dan Eceran, Reparasi Mobil dan Sepeda Motor",2025,Februari,2815305,Rupiah,950024752074125189
PAPUA SELATAN,Rata-Rata Upah/Gaji Bersih Sebulan Buruh/Karyawan/Pegawai menurut Provinsi dan Lapangan Usaha di 17 Sektor,"G Perdagangan Besar dan Eceran, Reparasi Mobil dan Sepeda Motor",2025,Agustus,2624043,Rupiah,950024752074125190
PAPUA SELATAN,Rata-Rata Upah/Gaji Bersih Sebulan Buruh/Karyawan/Pegawai menurut Provinsi dan Lapangan Usaha di 17 Sektor,H Transportasi dan Pergudangan,2025,Februari,3782595,Rupiah,950024752075125189
PAPUA SELATAN,Rata-Rata Upah/Gaji Bersih Sebulan Buruh/Karyawan/Pegawai menurut Provinsi dan Lapangan Usaha di 17 Sektor,H Transportasi dan Pergudangan,2025,Agustus,5146361,Rupiah,950024752075125190
PAPUA SELATAN,Rata-Rata Upah/Gaji Bersih Sebulan Buruh/Karyawan/Pegawai menurut Provinsi dan Lapangan Usaha di 17 Sektor,I Penyediaan Akomodasi dan Makan Minum,2025,Februari,2581495,Rupiah,950024752076125189
PAPUA SELATAN,Rata-Rata Upah/Gaji Bersih Sebulan Buruh/Karyawan/Pegawai menurut Provinsi dan Lapangan Usaha di 17 Sektor,I Penyediaan Akomodasi dan Makan Minum,2025,Agustus,2718148,Rupiah,950024752076125190
PAPUA SELATAN,Rata-Rata Upah/Gaji Bersih Sebulan Buruh/Karyawan/Pegawai menurut Provinsi dan Lapangan Usaha di 17 Sektor,J Informasi dan Komunikasi,2025,Agustus,6604964,Rupiah,950024752077125190
PAPUA SELATAN,Rata-Rata Upah/Gaji Bersih Sebulan Buruh/Karyawan/Pegawai menurut Provinsi dan Lapangan Usaha di 17 Sektor,K Jasa Keuangan dan Asuransi,2025,Februari,2802419,Rupiah,950024752078125189
PAPUA SELATAN,Rata-Rata Upah/Gaji Bersih Sebulan Buruh/Karyawan/Pegawai menurut Provinsi dan Lapangan Usaha di 17 Sektor,K Jasa Keuangan dan Asuransi,2025,Agustus,4331109,Rupiah,950024752078125190
PAPUA SELATAN,Rata-Rata Upah/Gaji Bersih Sebulan Buruh/Karyawan/Pegawai menurut Provinsi dan Lapangan Usaha di 17 Sektor,"M,N Jasa Perusahaan",2025,Agustus,4607137,Rupiah,950024752080125190
PAPUA SELATAN,Rata-Rata Upah/Gaji Bersih Sebulan Buruh/Karyawan/Pegawai menurut Provinsi dan Lapangan Usaha di 17 Sektor,"O Administrasi Pemerintahan, Pertahanan dan Jaminan Sosial Wajib",2025,Februari,4361952,Rupiah,950024752081125189
PAPUA SELATAN,Rata-Rata Upah/Gaji Bersih Sebulan Buruh/Karyawan/Pegawai menurut Provinsi dan Lapangan Usaha di 17 Sektor,"O Administrasi Pemerintahan, Pertahanan dan Jaminan Sosial Wajib",2025,Agustus,4461943,Rupiah,950024752081125190
PAPUA SELATAN,Rata-Rata Upah/Gaji Bersih Sebulan Buruh/Karyawan/Pegawai menurut Provinsi dan Lapangan Usaha di 17 Sektor,P Jasa Pendidikan,2025,Februari,3579906,Rupiah,950024752082125189
PAPUA SELATAN,Rata-Rata Upah/Gaji Bersih Sebulan Buruh/Karyawan/Pegawai menurut Provinsi dan Lapangan Usaha di 17 Sektor,P Jasa Pendidikan,2025,Agustus,4632099,Rupiah,950024752082125190
PAPUA SELATAN,Rata-Rata Upah/Gaji Bersih Sebulan Buruh/Karyawan/Pegawai menurut Provinsi dan Lapangan Usaha di 17 Sektor,Q Jasa Kesehatan dan Kegiatan Sosial,2025,Februari,3584153,Rupiah,950024752083125189
PAPUA SELATAN,Rata-Rata Upah/Gaji Bersih Sebulan Buruh/Karyawan/Pegawai menurut Provinsi dan Lapangan Usaha di 17 Sektor,Q Jasa Kesehatan dan Kegiatan Sosial,2025,Agustus,3769842,Rupiah,950024752083125190
PAPUA SELATAN,Rata-Rata Upah/Gaji Bersih Sebulan Buruh/Karyawan/Pegawai menurut Provinsi dan Lapangan Usaha di 17 Sektor,"R,S,T,U Jasa Lainnya",2025,Februari,2790292,Rupiah,950024752084125189
PAPUA SELATAN,Rata-Rata Upah/Gaji Bersih Sebulan Buruh/Karyawan/Pegawai menurut Provinsi dan Lapangan Usaha di 17 Sektor,"R,S,T,U Jasa Lainnya",2025,Agustus,2845447,Rupiah,950024752084125190
PAPUA SELATAN,Rata-Rata Upah/Gaji Bersih Sebulan Buruh/Karyawan/Pegawai menurut Provinsi dan Lapangan Usaha di 17 Sektor,Total,2025,Februari,3865415,Rupiah,950024752085125189
PAPUA SELATAN,Rata-Rata Upah/Gaji Bersih Sebulan Buruh/Karyawan/Pegawai menurut Provinsi dan Lapangan Usaha di 17 Sektor,Total,2025,Agustus,4264963,Rupiah,950024752085125190
PAPUA TENGAH,Rata-Rata Upah/Gaji Bersih Sebulan Buruh/Karyawan/Pegawai menurut Provinsi dan Lapangan Usaha di 17 Sektor,"A Pertanian, Kehutanan dan Perikanan",2025,Februari,3796940,Rupiah,960024752068125189
PAPUA TENGAH,Rata-Rata Upah/Gaji Bersih Sebulan Buruh/Karyawan/Pegawai menurut Provinsi dan Lapangan Usaha di 17 Sektor,"A Pertanian, Kehutanan dan Perikanan",2025,Agustus,2902392,Rupiah,960024752068125190
PAPUA TENGAH,Rata-Rata Upah/Gaji Bersih Sebulan Buruh/Karyawan/Pegawai menurut Provinsi dan Lapangan Usaha di 17 Sektor,B Pertambangan dan Penggalian,2025,Februari,13111551,Rupiah,960024752069125189
PAPUA TENGAH,Rata-Rata Upah/Gaji Bersih Sebulan Buruh/Karyawan/Pegawai menurut Provinsi dan Lapangan Usaha di 17 Sektor,B Pertambangan dan Penggalian,2025,Agustus,9791755,Rupiah,960024752069125190
PAPUA TENGAH,Rata-Rata Upah/Gaji Bersih Sebulan Buruh/Karyawan/Pegawai menurut Provinsi dan Lapangan Usaha di 17 Sektor,C Industri Pengolahan,2025,Februari,2147445,Rupiah,960024752070125189
PAPUA TENGAH,Rata-Rata Upah/Gaji Bersih Sebulan Buruh/Karyawan/Pegawai menurut Provinsi dan Lapangan Usaha di 17 Sektor,C Industri Pengolahan,2025,Agustus,4657542,Rupiah,960024752070125190
PAPUA TENGAH,Rata-Rata Upah/Gaji Bersih Sebulan Buruh/Karyawan/Pegawai menurut Provinsi dan Lapangan Usaha di 17 Sektor,D Pengadaan Listrik dan Gas,2025,Agustus,6522003,Rupiah,960024752071125190
PAPUA TENGAH,Rata-Rata Upah/Gaji Bersih Sebulan Buruh/Karyawan/Pegawai menurut Provinsi dan Lapangan Usaha di 17 Sektor,"E Pengadaan Air, Pengelolaan Sampah, Limbah dan Daur Ulang",2025,Agustus,8596509,Rupiah,960024752072125190
PAPUA TENGAH,Rata-Rata Upah/Gaji Bersih Sebulan Buruh/Karyawan/Pegawai menurut Provinsi dan Lapangan Usaha di 17 Sektor,F Konstruksi,2025,Februari,4788829,Rupiah,960024752073125189
PAPUA TENGAH,Rata-Rata Upah/Gaji Bersih Sebulan Buruh/Karyawan/Pegawai menurut Provinsi dan Lapangan Usaha di 17 Sektor,F Konstruksi,2025,Agustus,5120291,Rupiah,960024752073125190
PAPUA TENGAH,Rata-Rata Upah/Gaji Bersih Sebulan Buruh/Karyawan/Pegawai menurut Provinsi dan Lapangan Usaha di 17 Sektor,"G Perdagangan Besar dan Eceran, Reparasi Mobil dan Sepeda Motor",2025,Februari,2154597,Rupiah,960024752074125189
PAPUA TENGAH,Rata-Rata Upah/Gaji Bersih Sebulan Buruh/Karyawan/Pegawai menurut Provinsi dan Lapangan Usaha di 17 Sektor,"G Perdagangan Besar dan Eceran, Reparasi Mobil dan Sepeda Motor",2025,Agustus,3638459,Rupiah,960024752074125190
PAPUA TENGAH,Rata-Rata Upah/Gaji Bersih Sebulan Buruh/Karyawan/Pegawai menurut Provinsi dan Lapangan Usaha di 17 Sektor,H Transportasi dan Pergudangan,2025,Februari,3400000,Rupiah,960024752075125189
PAPUA TENGAH,Rata-Rata Upah/Gaji Bersih Sebulan Buruh/Karyawan/Pegawai menurut Provinsi dan Lapangan Usaha di 17 Sektor,H Transportasi dan Pergudangan,2025,Agustus,4224670,Rupiah,960024752075125190
PAPUA TENGAH,Rata-Rata Upah/Gaji Bersih Sebulan Buruh/Karyawan/Pegawai menurut Provinsi dan Lapangan Usaha di 17 Sektor,I Penyediaan Akomodasi dan Makan Minum,2025,Februari,2841306,Rupiah,960024752076125189
PAPUA TENGAH,Rata-Rata Upah/Gaji Bersih Sebulan Buruh/Karyawan/Pegawai menurut Provinsi dan Lapangan Usaha di 17 Sektor,J Informasi dan Komunikasi,2025,Agustus,3758780,Rupiah,960024752077125190
PAPUA TENGAH,Rata-Rata Upah/Gaji Bersih Sebulan Buruh/Karyawan/Pegawai menurut Provinsi dan Lapangan Usaha di 17 Sektor,K Jasa Keuangan dan Asuransi,2025,Februari,1800000,Rupiah,960024752078125189
PAPUA TENGAH,Rata-Rata Upah/Gaji Bersih Sebulan Buruh/Karyawan/Pegawai menurut Provinsi dan Lapangan Usaha di 17 Sektor,K Jasa Keuangan dan Asuransi,2025,Agustus,9243617,Rupiah,960024752078125190
PAPUA TENGAH,Rata-Rata Upah/Gaji Bersih Sebulan Buruh/Karyawan/Pegawai menurut Provinsi dan Lapangan Usaha di 17 Sektor,"M,N Jasa Perusahaan",2025,Februari,3554508,Rupiah,960024752080125189
PAPUA TENGAH,Rata-Rata Upah/Gaji Bersih Sebulan Buruh/Karyawan/Pegawai menurut Provinsi dan Lapangan Usaha di 17 Sektor,"M,N Jasa Perusahaan",2025,Agustus,6526785,Rupiah,960024752080125190
PAPUA TENGAH,Rata-Rata Upah/Gaji Bersih Sebulan Buruh/Karyawan/Pegawai menurut Provinsi dan Lapangan Usaha di 17 Sektor,"O Administrasi Pemerintahan, Pertahanan dan Jaminan Sosial Wajib",2025,Februari,3916570,Rupiah,960024752081125189
PAPUA TENGAH,Rata-Rata Upah/Gaji Bersih Sebulan Buruh/Karyawan/Pegawai menurut Provinsi dan Lapangan Usaha di 17 Sektor,"O Administrasi Pemerintahan, Pertahanan dan Jaminan Sosial Wajib",2025,Agustus,4600774,Rupiah,960024752081125190
PAPUA TENGAH,Rata-Rata Upah/Gaji Bersih Sebulan Buruh/Karyawan/Pegawai menurut Provinsi dan Lapangan Usaha di 17 Sektor,P Jasa Pendidikan,2025,Februari,2792177,Rupiah,960024752082125189
PAPUA TENGAH,Rata-Rata Upah/Gaji Bersih Sebulan Buruh/Karyawan/Pegawai menurut Provinsi dan Lapangan Usaha di 17 Sektor,P Jasa Pendidikan,2025,Agustus,3745161,Rupiah,960024752082125190
PAPUA TENGAH,Rata-Rata Upah/Gaji Bersih Sebulan Buruh/Karyawan/Pegawai menurut Provinsi dan Lapangan Usaha di 17 Sektor,Q Jasa Kesehatan dan Kegiatan Sosial,2025,Februari,4143997,Rupiah,960024752083125189
PAPUA TENGAH,Rata-Rata Upah/Gaji Bersih Sebulan Buruh/Karyawan/Pegawai menurut Provinsi dan Lapangan Usaha di 17 Sektor,Q Jasa Kesehatan dan Kegiatan Sosial,2025,Agustus,4160470,Rupiah,960024752083125190
PAPUA TENGAH,Rata-Rata Upah/Gaji Bersih Sebulan Buruh/Karyawan/Pegawai menurut Provinsi dan Lapangan Usaha di 17 Sektor,"R,S,T,U Jasa Lainnya",2025,Februari,2546686,Rupiah,960024752084125189
PAPUA TENGAH,Rata-Rata Upah/Gaji Bersih Sebulan Buruh/Karyawan/Pegawai menurut Provinsi dan Lapangan Usaha di 17 Sektor,"R,S,T,U Jasa Lainnya",2025,Agustus,3820089,Rupiah,960024752084125190
PAPUA TENGAH,Rata-Rata Upah/Gaji Bersih Sebulan Buruh/Karyawan/Pegawai menurut Provinsi dan Lapangan Usaha di 17 Sektor,Total,2025,Februari,4747826,Rupiah,960024752085125189
PAPUA TENGAH,Rata-Rata Upah/Gaji Bersih Sebulan Buruh/Karyawan/Pegawai menurut Provinsi dan Lapangan Usaha di 17 Sektor,Total,2025,Agustus,4808336,Rupiah,960024752085125190
PAPUA PEGUNUNGAN,Rata-Rata Upah/Gaji Bersih Sebulan Buruh/Karyawan/Pegawai menurut Provinsi dan Lapangan Usaha di 17 Sektor,"A Pertanian, Kehutanan dan Perikanan",2025,Februari,1004088,Rupiah,970024752068125189
PAPUA PEGUNUNGAN,Rata-Rata Upah/Gaji Bersih Sebulan Buruh/Karyawan/Pegawai menurut Provinsi dan Lapangan Usaha di 17 Sektor,"A Pertanian, Kehutanan dan Perikanan",2025,Agustus,1769571,Rupiah,970024752068125190
PAPUA PEGUNUNGAN,Rata-Rata Upah/Gaji Bersih Sebulan Buruh/Karyawan/Pegawai menurut Provinsi dan Lapangan Usaha di 17 Sektor,C Industri Pengolahan,2025,Agustus,2761446,Rupiah,970024752070125190
PAPUA PEGUNUNGAN,Rata-Rata Upah/Gaji Bersih Sebulan Buruh/Karyawan/Pegawai menurut Provinsi dan Lapangan Usaha di 17 Sektor,F Konstruksi,2025,Februari,3107547,Rupiah,970024752073125189
PAPUA PEGUNUNGAN,Rata-Rata Upah/Gaji Bersih Sebulan Buruh/Karyawan/Pegawai menurut Provinsi dan Lapangan Usaha di 17 Sektor,F Konstruksi,2025,Agustus,4773837,Rupiah,970024752073125190
PAPUA PEGUNUNGAN,Rata-Rata Upah/Gaji Bersih Sebulan Buruh/Karyawan/Pegawai menurut Provinsi dan Lapangan Usaha di 17 Sektor,"G Perdagangan Besar dan Eceran, Reparasi Mobil dan Sepeda Motor",2025,Februari,3010288,Rupiah,970024752074125189
PAPUA PEGUNUNGAN,Rata-Rata Upah/Gaji Bersih Sebulan Buruh/Karyawan/Pegawai menurut Provinsi dan Lapangan Usaha di 17 Sektor,"G Perdagangan Besar dan Eceran, Reparasi Mobil dan Sepeda Motor",2025,Agustus,2879016,Rupiah,970024752074125190
PAPUA PEGUNUNGAN,Rata-Rata Upah/Gaji Bersih Sebulan Buruh/Karyawan/Pegawai menurut Provinsi dan Lapangan Usaha di 17 Sektor,H Transportasi dan Pergudangan,2025,Februari,3282332,Rupiah,970024752075125189
PAPUA PEGUNUNGAN,Rata-Rata Upah/Gaji Bersih Sebulan Buruh/Karyawan/Pegawai menurut Provinsi dan Lapangan Usaha di 17 Sektor,H Transportasi dan Pergudangan,2025,Agustus,3123529,Rupiah,970024752075125190
PAPUA PEGUNUNGAN,Rata-Rata Upah/Gaji Bersih Sebulan Buruh/Karyawan/Pegawai menurut Provinsi dan Lapangan Usaha di 17 Sektor,I Penyediaan Akomodasi dan Makan Minum,2025,Februari,2945026,Rupiah,970024752076125189
PAPUA PEGUNUNGAN,Rata-Rata Upah/Gaji Bersih Sebulan Buruh/Karyawan/Pegawai menurut Provinsi dan Lapangan Usaha di 17 Sektor,J Informasi dan Komunikasi,2025,Februari,4740374,Rupiah,970024752077125189
PAPUA PEGUNUNGAN,Rata-Rata Upah/Gaji Bersih Sebulan Buruh/Karyawan/Pegawai menurut Provinsi dan Lapangan Usaha di 17 Sektor,K Jasa Keuangan dan Asuransi,2025,Februari,3057102,Rupiah,970024752078125189
PAPUA PEGUNUNGAN,Rata-Rata Upah/Gaji Bersih Sebulan Buruh/Karyawan/Pegawai menurut Provinsi dan Lapangan Usaha di 17 Sektor,"M,N Jasa Perusahaan",2025,Agustus,2045263,Rupiah,970024752080125190
PAPUA PEGUNUNGAN,Rata-Rata Upah/Gaji Bersih Sebulan Buruh/Karyawan/Pegawai menurut Provinsi dan Lapangan Usaha di 17 Sektor,"O Administrasi Pemerintahan, Pertahanan dan Jaminan Sosial Wajib",2025,Februari,4281424,Rupiah,970024752081125189
PAPUA PEGUNUNGAN,Rata-Rata Upah/Gaji Bersih Sebulan Buruh/Karyawan/Pegawai menurut Provinsi dan Lapangan Usaha di 17 Sektor,"O Administrasi Pemerintahan, Pertahanan dan Jaminan Sosial Wajib",2025,Agustus,4984667,Rupiah,970024752081125190
PAPUA PEGUNUNGAN,Rata-Rata Upah/Gaji Bersih Sebulan Buruh/Karyawan/Pegawai menurut Provinsi dan Lapangan Usaha di 17 Sektor,P Jasa Pendidikan,2025,Februari,4240400,Rupiah,970024752082125189
PAPUA PEGUNUNGAN,Rata-Rata Upah/Gaji Bersih Sebulan Buruh/Karyawan/Pegawai menurut Provinsi dan Lapangan Usaha di 17 Sektor,P Jasa Pendidikan,2025,Agustus,4370497,Rupiah,970024752082125190
PAPUA PEGUNUNGAN,Rata-Rata Upah/Gaji Bersih Sebulan Buruh/Karyawan/Pegawai menurut Provinsi dan Lapangan Usaha di 17 Sektor,Q Jasa Kesehatan dan Kegiatan Sosial,2025,Februari,4525119,Rupiah,970024752083125189
PAPUA PEGUNUNGAN,Rata-Rata Upah/Gaji Bersih Sebulan Buruh/Karyawan/Pegawai menurut Provinsi dan Lapangan Usaha di 17 Sektor,Q Jasa Kesehatan dan Kegiatan Sosial,2025,Agustus,4185124,Rupiah,970024752083125190
PAPUA PEGUNUNGAN,Rata-Rata Upah/Gaji Bersih Sebulan Buruh/Karyawan/Pegawai menurut Provinsi dan Lapangan Usaha di 17 Sektor,"R,S,T,U Jasa Lainnya",2025,Februari,2986070,Rupiah,970024752084125189
PAPUA PEGUNUNGAN,Rata-Rata Upah/Gaji Bersih Sebulan Buruh/Karyawan/Pegawai menurut Provinsi dan Lapangan Usaha di 17 Sektor,"R,S,T,U Jasa Lainnya",2025,Agustus,2409399,Rupiah,970024752084125190
PAPUA PEGUNUNGAN,Rata-Rata Upah/Gaji Bersih Sebulan Buruh/Karyawan/Pegawai menurut Provinsi dan Lapangan Usaha di 17 Sektor,Total,2025,Februari,4133474,Rupiah,970024752085125189
PAPUA PEGUNUNGAN,Rata-Rata Upah/Gaji Bersih Sebulan Buruh/Karyawan/Pegawai menurut Provinsi dan Lapangan Usaha di 17 Sektor,Total,2025,Agustus,3941546,Rupiah,970024752085125190
RATA-RATA,Rata-Rata Upah/Gaji Bersih Sebulan Buruh/Karyawan/Pegawai menurut Provinsi dan Lapangan Usaha di 17 Sektor,"A Pertanian, Kehutanan dan Perikanan",2025,Februari,2247459,Rupiah,999924752068125189
RATA-RATA,Rata-Rata Upah/Gaji Bersih Sebulan Buruh/Karyawan/Pegawai menurut Provinsi dan Lapangan Usaha di 17 Sektor,"A Pertanian, Kehutanan dan Perikanan",2025,Agustus,2540278,Rupiah,999924752068125190
RATA-RATA,Rata-Rata Upah/Gaji Bersih Sebulan Buruh/Karyawan/Pegawai menurut Provinsi dan Lapangan Usaha di 17 Sektor,B Pertambangan dan Penggalian,2025,Februari,5086094,Rupiah,999924752069125189
RATA-RATA,Rata-Rata Upah/Gaji Bersih Sebulan Buruh/Karyawan/Pegawai menurut Provinsi dan Lapangan Usaha di 17 Sektor,B Pertambangan dan Penggalian,2025,Agustus,4983713,Rupiah,999924752069125190
RATA-RATA,Rata-Rata Upah/Gaji Bersih Sebulan Buruh/Karyawan/Pegawai menurut Provinsi dan Lapangan Usaha di 17 Sektor,C Industri Pengolahan,2025,Februari,3090532,Rupiah,999924752070125189
RATA-RATA,Rata-Rata Upah/Gaji Bersih Sebulan Buruh/Karyawan/Pegawai menurut Provinsi dan Lapangan Usaha di 17 Sektor,C Industri Pengolahan,2025,Agustus,3269849,Rupiah,999924752070125190
RATA-RATA,Rata-Rata Upah/Gaji Bersih Sebulan Buruh/Karyawan/Pegawai menurut Provinsi dan Lapangan Usaha di 17 Sektor,D Pengadaan Listrik dan Gas,2025,Februari,5040313,Rupiah,999924752071125189
RATA-RATA,Rata-Rata Upah/Gaji Bersih Sebulan Buruh/Karyawan/Pegawai menurut Provinsi dan Lapangan Usaha di 17 Sektor,D Pengadaan Listrik dan Gas,2025,Agustus,5073204,Rupiah,999924752071125190
RATA-RATA,Rata-Rata Upah/Gaji Bersih Sebulan Buruh/Karyawan/Pegawai menurut Provinsi dan Lapangan Usaha di 17 Sektor,"E Pengadaan Air, Pengelolaan Sampah, Limbah dan Daur Ulang",2025,Februari,2906210,Rupiah,999924752072125189
RATA-RATA,Rata-Rata Upah/Gaji Bersih Sebulan Buruh/Karyawan/Pegawai menurut Provinsi dan Lapangan Usaha di 17 Sektor,"E Pengadaan Air, Pengelolaan Sampah, Limbah dan Daur Ulang",2025,Agustus,2835286,Rupiah,999924752072125190
RATA-RATA,Rata-Rata Upah/Gaji Bersih Sebulan Buruh/Karyawan/Pegawai menurut Provinsi dan Lapangan Usaha di 17 Sektor,F Konstruksi,2025,Februari,3209091,Rupiah,999924752073125189
RATA-RATA,Rata-Rata Upah/Gaji Bersih Sebulan Buruh/Karyawan/Pegawai menurut Provinsi dan Lapangan Usaha di 17 Sektor,F Konstruksi,2025,Agustus,3234953,Rupiah,999924752073125190
RATA-RATA,Rata-Rata Upah/Gaji Bersih Sebulan Buruh/Karyawan/Pegawai menurut Provinsi dan Lapangan Usaha di 17 Sektor,"G Perdagangan Besar dan Eceran, Reparasi Mobil dan Sepeda Motor",2025,Februari,2667185,Rupiah,999924752074125189
RATA-RATA,Rata-Rata Upah/Gaji Bersih Sebulan Buruh/Karyawan/Pegawai menurut Provinsi dan Lapangan Usaha di 17 Sektor,"G Perdagangan Besar dan Eceran, Reparasi Mobil dan Sepeda Motor",2025,Agustus,2839730,Rupiah,999924752074125190
RATA-RATA,Rata-Rata Upah/Gaji Bersih Sebulan Buruh/Karyawan/Pegawai menurut Provinsi dan Lapangan Usaha di 17 Sektor,H Transportasi dan Pergudangan,2025,Februari,3720086,Rupiah,999924752075125189
RATA-RATA,Rata-Rata Upah/Gaji Bersih Sebulan Buruh/Karyawan/Pegawai menurut Provinsi dan Lapangan Usaha di 17 Sektor,H Transportasi dan Pergudangan,2025,Agustus,4094527,Rupiah,999924752075125190
RATA-RATA,Rata-Rata Upah/Gaji Bersih Sebulan Buruh/Karyawan/Pegawai menurut Provinsi dan Lapangan Usaha di 17 Sektor,I Penyediaan Akomodasi dan Makan Minum,2025,Februari,2424447,Rupiah,999924752076125189
RATA-RATA,Rata-Rata Upah/Gaji Bersih Sebulan Buruh/Karyawan/Pegawai menurut Provinsi dan Lapangan Usaha di 17 Sektor,I Penyediaan Akomodasi dan Makan Minum,2025,Agustus,2546968,Rupiah,999924752076125190
RATA-RATA,Rata-Rata Upah/Gaji Bersih Sebulan Buruh/Karyawan/Pegawai menurut Provinsi dan Lapangan Usaha di 17 Sektor,J Informasi dan Komunikasi,2025,Februari,4131648,Rupiah,999924752077125189
RATA-RATA,Rata-Rata Upah/Gaji Bersih Sebulan Buruh/Karyawan/Pegawai menurut Provinsi dan Lapangan Usaha di 17 Sektor,J Informasi dan Komunikasi,2025,Agustus,5278706,Rupiah,999924752077125190
RATA-RATA,Rata-Rata Upah/Gaji Bersih Sebulan Buruh/Karyawan/Pegawai menurut Provinsi dan Lapangan Usaha di 17 Sektor,K Jasa Keuangan dan Asuransi,2025,Februari,4878087,Rupiah,999924752078125189
RATA-RATA,Rata-Rata Upah/Gaji Bersih Sebulan Buruh/Karyawan/Pegawai menurut Provinsi dan Lapangan Usaha di 17 Sektor,K Jasa Keuangan dan Asuransi,2025,Agustus,5116552,Rupiah,999924752078125190
RATA-RATA,Rata-Rata Upah/Gaji Bersih Sebulan Buruh/Karyawan/Pegawai menurut Provinsi dan Lapangan Usaha di 17 Sektor,L Real Estate,2025,Februari,4042854,Rupiah,999924752079125189
RATA-RATA,Rata-Rata Upah/Gaji Bersih Sebulan Buruh/Karyawan/Pegawai menurut Provinsi dan Lapangan Usaha di 17 Sektor,L Real Estate,2025,Agustus,4399016,Rupiah,999924752079125190
RATA-RATA,Rata-Rata Upah/Gaji Bersih Sebulan Buruh/Karyawan/Pegawai menurut Provinsi dan Lapangan Usaha di 17 Sektor,"M,N Jasa Perusahaan",2025,Februari,3965419,Rupiah,999924752080125189
RATA-RATA,Rata-Rata Upah/Gaji Bersih Sebulan Buruh/Karyawan/Pegawai menurut Provinsi dan Lapangan Usaha di 17 Sektor,"M,N Jasa Perusahaan",2025,Agustus,4261425,Rupiah,999924752080125190
RATA-RATA,Rata-Rata Upah/Gaji Bersih Sebulan Buruh/Karyawan/Pegawai menurut Provinsi dan Lapangan Usaha di 17 Sektor,"O Administrasi Pemerintahan, Pertahanan dan Jaminan Sosial Wajib",2025,Februari,3758174,Rupiah,999924752081125189
RATA-RATA,Rata-Rata Upah/Gaji Bersih Sebulan Buruh/Karyawan/Pegawai menurut Provinsi dan Lapangan Usaha di 17 Sektor,"O Administrasi Pemerintahan, Pertahanan dan Jaminan Sosial Wajib",2025,Agustus,4427234,Rupiah,999924752081125190
RATA-RATA,Rata-Rata Upah/Gaji Bersih Sebulan Buruh/Karyawan/Pegawai menurut Provinsi dan Lapangan Usaha di 17 Sektor,P Jasa Pendidikan,2025,Februari,2794131,Rupiah,999924752082125189
RATA-RATA,Rata-Rata Upah/Gaji Bersih Sebulan Buruh/Karyawan/Pegawai menurut Provinsi dan Lapangan Usaha di 17 Sektor,P Jasa Pendidikan,2025,Agustus,3057490,Rupiah,999924752082125190
RATA-RATA,Rata-Rata Upah/Gaji Bersih Sebulan Buruh/Karyawan/Pegawai menurut Provinsi dan Lapangan Usaha di 17 Sektor,Q Jasa Kesehatan dan Kegiatan Sosial,2025,Februari,3415963,Rupiah,999924752083125189
RATA-RATA,Rata-Rata Upah/Gaji Bersih Sebulan Buruh/Karyawan/Pegawai menurut Provinsi dan Lapangan Usaha di 17 Sektor,Q Jasa Kesehatan dan Kegiatan Sosial,2025,Agustus,3750376,Rupiah,999924752083125190
RATA-RATA,Rata-Rata Upah/Gaji Bersih Sebulan Buruh/Karyawan/Pegawai menurut Provinsi dan Lapangan Usaha di 17 Sektor,"R,S,T,U Jasa Lainnya",2025,Februari,1808930,Rupiah,999924752084125189
RATA-RATA,Rata-Rata Upah/Gaji Bersih Sebulan Buruh/Karyawan/Pegawai menurut Provinsi dan Lapangan Usaha di 17 Sektor,"R,S,T,U Jasa Lainnya",2025,Agustus,1964115,Rupiah,999924752084125190
RATA-RATA,Rata-Rata Upah/Gaji Bersih Sebulan Buruh/Karyawan/Pegawai menurut Provinsi dan Lapangan Usaha di 17 Sektor,Total,2025,Februari,3094818,Rupiah,999924752085125189
RATA-RATA,Rata-Rata Upah/Gaji Bersih Sebulan Buruh/Karyawan/Pegawai menurut Provinsi dan Lapangan Usaha di 17 Sektor,Total,2025,Agustus,3331012,Rupiah,999924752085125190
